,x1,x2,y
0,7.408260689187908,-2.1571140574007637,0
1,7.120039163894875,-4.69435394237906,0
2,1.6737856254143468,-8.741195825301594,1
3,1.4157404369718636,-8.144114512855223,1
4,0.7483494316471107,-9.30018196360847,1
5,9.09586386344265,-1.163752178843895,0
6,7.794668011615498,-5.703189342183675,0
7,1.1761590138169844,-10.148777841495065,1
8,8.392437025753267,-3.3942039397186674,0
9,7.539160080369612,-1.1659378772062094,0
10,8.387372795642985,-2.9357399715271066,0
11,6.802348389539764,-2.6555373325008604,0
12,6.6884817728795,-3.2989643490259533,0
13,2.217651453124657,-9.339193822252685,1
14,8.853375412841357,-2.187043852350588,0
15,0.6699700354141758,-10.009086826210115,1
16,7.529512997733537,-2.161457283926035,0
17,2.344499542961602,-8.320701339692882,1
18,9.702236717890036,-3.7974713504747277,0
19,6.878750577305208,-2.5126688422383427,0
20,1.1087820139328337,-8.367499751195563,1
21,0.5127953362069497,-9.06162287486783,1
22,0.6272384879083974,-8.695452566146997,1
23,6.712709279756714,-4.212083371544061,0
24,2.1262471384836683,-9.262574261134741,1
25,1.7599822892750618,-8.925492361198838,1
26,7.425993996831578,-5.52403701359219,0
27,9.179940063887122,-2.979545942816608,0
28,7.79098764245271,-2.6217080770805508,0
29,8.179099724130582,-3.192048784191248,0
30,7.467243733808152,-3.208087480215858,0
31,7.029056118370283,-3.479592421669976,0
32,2.6212258309356002,-8.002937499290839,1
33,0.10772845931333164,-9.548611301515708,1
34,7.923891482678183,-0.8809074509679604,0
35,8.585358727340244,-2.6506874979558765,0
36,6.988526638918325,-4.906726391969567,0
37,1.8334822938117157,-9.559945364868199,1
38,7.953900146080039,-1.257483786554032,0
39,8.356255844984434,-2.861950998948184,0
40,1.9745002374127423,-9.833554361660552,1
41,1.1951347164352324,-7.113594621252711,1
42,7.135284271453583,-5.369843051090274,0
43,6.398439852844643,-4.1094036817026804,0
44,2.196347590994808,-10.632419598304763,1
45,8.229880374277089,-3.088224836523215,0
46,2.219549679291661,-8.290202445946825,1
47,3.0087438464383274,-9.022665422111965,1
48,0.4080005277522065,-9.783400567292196,1
49,1.8785932243645238,-8.50874671522163,1
50,7.798817324092781,-1.8473030371208679,0
51,2.139339006604965,-9.852707168039794,1
52,7.3972861526087055,-1.6236255274629137,0
53,-0.007689987575384638,-7.562461455882832,1
54,1.1336326504859353,-10.811652599824043,1
55,7.046803638631499,-2.2147297204788785,0
56,7.358144480496687,-2.6096433586010335,0
57,0.4217243708306242,-6.529167170233867,1
58,8.367500750662927,-1.5035090485750162,0
59,2.883697297702591,-9.746196999723226,1
60,7.9208492738344045,-3.0012884165676397,0
61,3.615963037459911,-8.98209627264009,1
62,9.685943669079306,-1.8481104068843852,0
63,8.0356811666433,-3.8946833017450606,0
64,0.2608964463965573,-9.542455605932757,1
65,7.9073329494785565,-1.922800545880793,0
66,8.041840127105095,-1.1297920252842628,0
67,7.675315997820778,-3.8755706637966427,0
68,2.1652293736225383,-8.647653582748507,1
69,7.976014267544232,-3.1964194642511528,0
70,1.479194632961879,-8.717794265655401,1
71,1.5497737378595071,-8.08381513048821,1
72,7.872447922107923,-4.035294278733211,0
73,2.104757976064411,-9.759170191362402,1
74,7.039394479143179,-2.3590605643378018,0
75,7.348800504660924,-1.824431616113764,0
76,8.149862817138503,-4.333653310332091,0
77,7.918043192842617,-2.143327879412771,0
78,2.1853295240849375,-8.135531660914213,1
79,8.045171424151297,-2.9729881002673673,0
80,6.244939190606965,-2.91606815334926,0
81,2.808923396114829,-11.438431343960236,1
82,2.0128187249346694,-8.77962692569349,1
83,6.594693526067589,-2.981622871319592,0
84,6.236028894253266,-3.125056048741928,0
85,1.1460454396083262,-9.674668894224839,1
86,6.661544765333305,-5.078008243661376,0
87,7.0570042674895035,-1.6920596779406365,0
88,6.494499970290196,-3.3089116201063393,0
89,7.65960314050881,-3.694311623596651,0
90,7.623300770224269,-1.3531842437739516,0
91,0.6850836775791128,-9.393225712228487,1
92,9.472684049811019,-2.815234710382375,0
93,9.507279160539266,-3.0320172724942487,0
94,0.9564504938475706,-9.35706883642544,1
95,2.006813600892074,-8.711235722028327,1
96,3.2103874927691716,-8.313025265974112,1
97,8.903214089429996,-3.3495868983394086,0
98,9.152698137600671,-2.727821365287755,0
99,7.443683575530872,-3.474746148875634,0
100,9.200646012170427,-4.324065461226647,0
101,2.098915082874959,-7.411901486219712,1
102,8.442209669869385,-4.025079546162344,0
103,0.6034171144674048,-8.56754563717904,1
104,6.4035377534247715,-1.6287924259085922,0
105,5.653916792594206,-3.2635109387862404,0
106,1.5266442000063432,-9.393458360495206,1
107,7.434405533975208,-3.9474698881683823,0
108,0.34984465948666177,-9.673217892772483,1
109,7.564383678007938,-2.9202817505800853,0
110,7.56696793522512,-2.9967529009180023,0
111,7.137549824118917,-4.1430876927469615,0
112,9.111991964672152,-2.100204822533682,0
113,3.1749945954744208,-8.126540317352427,1
114,8.7355772619382,-3.054588439026819,0
115,8.368871582209607,-2.110845216023784,0
116,2.1340332323664746,-9.739239405150139,1
117,1.347509505297,-10.731306838389376,1
118,7.689326719546444,-4.026200493061668,0
119,7.894210358889777,-2.362440019332309,0
120,2.512480327401629,-7.517608096161658,1
121,3.614221721945989,-10.884043969723958,1
122,2.190655319219242,-6.5235527849017725,1
123,9.111500481303878,-1.9894542987375168,0
124,0.3598083291869312,-7.388597331616891,1
125,8.795620357890522,-3.27083782063328,0
126,9.564458463515583,-1.9274555069704644,0
127,7.178866374347746,-1.621528405965005,0
128,2.0155694859290127,-10.34381478882151,1
129,10.147663489033759,-3.923286850409213,0
130,2.9273123316902074,-6.795979614575063,1
131,0.5407212197182283,-9.859036443335109,1
132,3.659750358125452,-7.999304642042212,1
133,3.288360460056511,-10.310292221426375,1
134,0.20754619573088462,-10.456390399005663,1
135,2.7405926855482696,-6.830796425136064,1
136,1.1381219563744733,-7.508827081608039,1
137,7.039492644268421,-3.389257601319949,0
138,2.5086753984102907,-7.32201357064413,1
139,0.7411427638231985,-8.326677499313025,1
140,-0.3809351415732656,-7.35889178748811,1
141,1.061397483611911,-9.02509413742866,1
142,0.19290949086778109,-8.727402999079736,1
143,1.6684129288338454,-9.611980433559856,1
144,0.6933684369508872,-6.700844257002602,1
145,-0.31995794528632837,-10.599569451705579,1
146,9.726489384325948,-4.0751954100333,0
147,7.777111183105118,-3.3907368414508294,0
148,7.949586343483495,-3.34884438186344,0
149,2.486785110915288,-8.680801103978144,1
150,5.718461737815864,-2.5579237506195063,0
151,2.118218325982106,-9.758805933444256,1
152,9.048399145330999,-2.472057368924159,0
153,8.08353487282246,-1.4231852974510493,0
154,7.517425319396591,-2.539332126323733,0
155,6.100801167152551,0.1979616012007943,0
156,7.941713583093006,-1.102323554937314,0
157,8.679768260413253,-1.7832329941404825,0
158,2.411221661279087,-8.757831307870832,1
159,9.352594090170056,-2.1031646118656093,0
160,7.952913850390242,-3.5215705271905016,0
161,6.747080322099453,-3.2541982638400357,0
162,7.904400652258196,-3.2036157030286856,0
163,7.0309424931084425,-3.339392634109879,0
164,8.135245287330847,-3.5352692387428166,0
165,5.550480923600979,-3.291304472770741,0
166,7.573638885564555,-3.674749872165574,0
167,6.772840398566154,-2.5082226660581135,0
168,2.4214938046676515,-9.182766376350385,1
169,0.12905957555450143,-10.590300035448866,1
170,1.0482490508208313,-9.083375515553174,1
171,1.8379352402045688,-8.364402449149587,1
172,7.044253157574142,-2.706270080170367,0
173,8.223141515623425,-1.8886664089026057,0
174,7.93257731975754,-2.1446307187200038,0
175,8.932974134057565,-2.8794199643626217,0
176,2.407834382186629,-8.664778396391041,1
177,7.131787816992414,-3.9524841150478407,0
178,3.9902707331726877,-7.4841079951394,1
179,1.3296649679693915,-8.9642473695484,1
180,9.123804170472168,-3.7318289523073416,0
181,0.0027694106887081738,-9.900723680237993,1
182,8.27401737986724,-2.0671681595408695,0
183,7.02396282087081,-3.394299513205837,0
184,5.995099660221854,-4.453587245166776,0
185,7.995478120138846,-0.9223690287658124,0
186,0.4443921741176575,-10.857799652864355,1
187,1.180467486104527,-7.699554607962391,1
188,8.7972607454217,-2.1155434050542485,0
189,7.119418720470941,-3.196399682946139,0
190,1.816818919175343,-8.562224733672815,1
191,8.32673534856928,-1.140743180937282,0
192,7.037612156264852,-1.2664947284902235,0
193,7.455166393826216,-4.02308269785139,0
194,0.4469172302633406,-8.125727428397363,1
195,0.8158689944545708,-10.273639391114473,1
196,8.815752648288363,-3.3995520836210518,0
197,9.437376758819315,-1.6683502622276034,0
198,8.50240878119442,-3.2227444408416974,0
199,9.046540190379794,-3.0115726349300083,0
200,8.151344432525814,-3.3111809875947413,0
201,7.680040450238919,-2.78900617384422,0
202,1.542501421191402,-9.970710208430198,1
203,1.0885202530529268,-10.637756481540283,1
204,1.4831366367806704,-9.259781582582978,1
205,1.5497527703175167,-8.728981197439147,1
206,0.7002940538434949,-9.175620300028443,1
207,9.695803509259674,-2.3493188999007795,0
208,8.095685367661162,-5.001085605902452,0
209,7.7585939706265945,-3.0082169868524318,0
210,8.478316481234748,-3.038645123750172,0
211,0.12937290748071262,-7.950778594230565,1
212,7.9583810311662235,-3.2488825138649133,0
213,2.547226923519189,-8.3122892856105,1
214,6.118397655950748,-3.156491569993718,0
215,1.297601447754229,-8.430236249918009,1
216,2.1036410272725963,-7.416989873071885,1
217,8.509979511240068,-3.99180920930241,0
218,8.742074061551309,-2.0038269255039505,0
219,7.766042061701217,-3.248420938244911,0
220,1.4530428701893805,-9.607722429031764,1
221,7.877274212858198,-2.2659330236761597,0
222,0.0004643180510213174,-7.252649437767168,1
223,8.567477477461305,-2.843007715345001,0
224,8.341673402651415,-2.2680109917965936,0
225,7.872705091419227,-2.762163070078302,0
226,9.085922228444403,-3.190596377717959,0
227,0.291775712859355,-11.031338124814127,1
228,7.147398949147466,-3.7358135535260963,0
229,-0.6306148793505866,-8.674626547661386,1
230,1.24547964291029,-8.966091406607827,1
231,1.964769510079238,-8.399174552370416,1
232,2.175167759769565,-9.390879570860811,1
233,6.724985281741821,-3.0867897373766846,0
234,2.063652278853271,-7.711226691159548,1
235,8.86951049278254,-3.7269725413546952,0
236,6.312403998537191,-3.6920080371896145,0
237,7.758850437713483,-3.5443077454861887,0
238,7.4522557740221504,-1.2505023899632564,0
239,0.7695624509202236,-7.928613282499375,1
240,9.15873061900115,-4.101690100692278,0
241,0.7933881314386108,-9.335552593830988,1
242,1.7435246809560514,-7.31678120503699,1
243,0.5488471790832983,-8.605701084171104,1
244,2.61831948725313,-8.350227984644286,1
245,8.410399081455202,-3.0062199158536194,0
246,8.314892623791255,-3.8769700693986047,0
247,0.5499897131934914,-9.139898345686683,1
248,7.3696712620080085,-2.277254554849064,0
249,1.7559247609357662,-9.161465605367004,1
250,7.276719780861641,-3.461464443331995,0
251,1.005850067690294,-10.069745575149101,1
252,1.1560005450455693,-8.801477122160746,1
253,0.5275027450178182,-7.772697935661003,1
254,7.948360368556631,-2.977617225869833,0
255,5.2489991492869414,-2.211476117970646,0
256,0.31772485825401064,-10.268836871320985,1
257,7.879979148387099,-6.330124496802792,0
258,7.143830125800925,-3.0116941485229645,0
259,5.664409997180432,-4.332943499817316,0
260,3.6383137630426945,-8.757993748427197,1
261,1.8757416114786483,-8.165474233589892,1
262,8.83737075516679,-4.141632096415396,0
263,6.831519375439914,-3.755715424366151,0
264,2.4559630873521323,-8.585821413786784,1
265,6.245567162916971,-2.365520303908242,0
266,8.579967416296565,-3.094939406892722,0
267,6.391985091209501,-4.398389966201904,0
268,6.832490472063575,-2.192903825513391,0
269,1.5861673847869608,-8.342451618049301,1
270,2.299707632476132,-8.846939632803046,1
271,2.531922408139412,-8.074848249269037,1
272,7.776164321101019,-1.9716199291110428,0
273,2.253621757170973,-9.968838409449488,1
274,0.7396523245166526,-7.762251657259329,1
275,6.87418086730211,-1.203276366342846,0
276,1.6108431345866727,-7.222023129701551,1
277,1.421791247894285,-8.629983727498422,1
278,-0.17774817040085633,-7.288633019285918,1
279,1.4850383848762592,-9.354622523603554,1
280,2.0254338682371262,-8.019779456159691,1
281,8.545413264261558,-3.126660358572442,0
282,1.253715953991414,-8.520450708388866,1
283,3.1901121396265792,-10.209592989512931,1
284,0.8649414346676461,-9.09696668033694,1
285,7.067643969584683,-3.8724837711153093,0
286,6.6175927773573004,-3.8950374516556607,0
287,7.564688190505104,-3.172274062383238,0
288,1.2195549120307847,-8.995398594506167,1
289,2.5982550182178223,-9.482423502233152,1
290,8.226291077507739,-1.622184257756873,0
291,1.9525756292089285,-8.920783635445224,1
292,7.993087168507139,-1.8168357199858884,0
293,0.6605593816727713,-9.240896000775201,1
294,6.487059014890859,-1.8452611843130986,0
295,7.436838437069807,-3.498400422822531,0
296,2.1228622192769078,-10.007956798256687,1
297,1.4290351327541766,-8.071304905018147,1
298,7.3239836084003835,-3.1521827225689263,0
299,1.9820072649759022,-10.046934806599621,1
300,8.723260317058287,-1.2951935103678693,0
301,-0.21658911443891893,-9.261973642449831,1
302,-0.6340696896846669,-9.588634788557298,1
303,7.458180696612059,-3.3447401928289846,0
304,7.114928139319641,-1.9167137798923157,0
305,1.371793658740432,-7.577528810970887,1
306,1.963958071066751,-9.263317600204916,1
307,6.5750736780825285,-1.7089570652996904,0
308,8.258014041809743,-2.901359569219654,0
309,2.1097815858327738,-10.615671253058455,1
310,9.048110258671658,-2.6083787520913395,0
311,2.2694606578795877,-9.03445052026085,1
312,0.8008702497049028,-6.878378990659442,1
313,2.275770321575719,-8.82772033917323,1
314,7.590399907927419,-2.1789719446706983,0
315,1.7478931936845177,-9.94030404269527,1
316,7.856884346350053,-2.467708426393411,0
317,2.4020243943968533,-8.522923986176938,1
318,7.605607479282114,-3.5931063865746395,0
319,3.0235379158997766,-9.29598861251836,1
320,8.579247721060923,-1.809115597277274,0
321,0.4829042153709988,-7.42193627938616,1
322,0.44165167327235855,-9.3558437020792,1
323,0.79563386875572,-8.804767802016617,1
324,3.5526213064042413,-7.243122024921654,1
325,2.6464119640653077,-7.272135316341705,1
326,0.7758034635570773,-8.36497756563979,1
327,1.4512215022172164,-10.114099558078875,1
328,2.919254908757255,-11.470426979284154,1
329,6.105140035416525,-1.863788114583875,0
330,1.636734993523639,-7.665680413637661,1
331,6.961458224011017,-1.9967900688879392,0
332,9.742849924597616,-3.7068810095576556,0
333,2.0998888948347565,-7.980263139416312,1
334,1.7239671956238272,-9.112050720751276,1
335,0.7017782308978127,-10.085858403673624,1
336,7.529308237571295,-1.3352526331020915,0
337,8.586638121500503,-3.982159218040924,0
338,3.4728524942079844,-9.729368150245621,1
339,7.78466331530969,-2.8938645377042764,0
340,1.3950401463713473,-8.2296118867472,1
341,7.328451288413416,-3.9121800625523067,0
342,0.8956186842896876,-7.664811268035352,1
343,5.383155421890898,-4.727887889727755,0
344,8.102938041697504,-2.5387680306473066,0
345,5.827031640224359,-2.2444324223810814,0
346,6.95019629095559,-1.6960162587381487,0
347,8.096857278141554,-0.6364383247324388,0
348,2.6312448464041833,-9.023360872007988,1
349,1.1823690978919938,-9.350004362138959,1
350,1.7632490732780202,-9.189595526389237,1
351,1.626832070693825,-9.976280646506883,1
352,8.380672938092951,-2.2882990047497502,0
353,2.5171828109326255,-7.909033657494558,1
354,8.00942855126235,-2.716470178261386,0
355,1.2105569289758384,-8.91502450036655,1
356,6.914099766989812,-2.527399762660753,0
357,8.333709932877007,-3.8900629491157597,0
358,8.821512427826397,-3.048361241405394,0
359,8.5702707791087,-1.480661203827625,0
360,8.78060342511685,-2.5104388200421326,0
361,7.518927642114008,-3.9509799953784412,0
362,1.0733607546510637,-7.820343530604877,1
363,-0.17804800370791574,-10.566647260292553,1
364,11.010245502492436,-4.070372173935736,0
365,1.8500450268285118,-9.045011210086466,1
366,8.062030914182905,-1.7751350899506588,0
367,7.586961767927758,-2.759992823403529,0
368,6.692752036147866,-3.589278455886694,0
369,0.8593042557191185,-9.65928751293104,1
370,9.00649582520966,-3.4374592161855886,0
371,8.170968907646708,-3.0340876115192037,0
372,8.518785188991224,-1.9646535455066987,0
373,7.3581508724742,-4.366577631842225,0
374,6.919256020871026,-3.06216934912654,0
375,1.3524087547040635,-8.142360022945812,1
376,1.7331223805866216,-9.221471578972135,1
377,2.2057433124984662,-8.610688289849563,1
378,7.909512583609362,-3.3661842374239956,0
379,3.076730174858007,-12.42784114482077,1
380,6.256980557037321,-1.5715716868857401,0
381,8.644785098648326,-3.1799022613577366,0
382,3.4288068798812064,-9.001612300549333,1
383,7.44549930456266,-3.0106556032125584,0
384,2.0140085844759286,-8.850801757510938,1
385,9.126684964496413,-1.83075024061484,0
386,9.015776403164523,-4.014915518682201,0
387,8.371020520247273,-4.8661361229544005,0
388,1.9825034209145573,-10.719712241151027,1
389,0.08354494715356542,-9.058824130659447,1
390,0.9253329504069999,-9.854376318776673,1
391,9.51152324220886,-3.794981151174685,0
392,2.9906907574512682,-9.390038384326434,1
393,2.6776534350803995,-8.956774574724557,1
394,1.3499051011807495,-8.230651162919823,1
395,7.314185511539356,-3.3905981408774393,0
396,8.063298262877685,-4.083266421721899,0
397,0.6626012326922837,-10.496885131074754,1
398,7.501415036251504,-5.387151535877882,0
399,6.282824897006394,-3.0735048805686693,0
400,7.445228951306909,-4.4995260690729975,0
401,7.874222641629783,-2.72973854494226,0
402,8.837482779342707,-4.588800868912356,0
403,0.194318589181254,-8.682723276140793,1
404,2.019430693836362,-9.415079059358565,1
405,8.337563784589454,-4.393812838545538,0
406,8.421377479186472,-3.0757698904927793,0
407,1.0739479247106722,-7.9025200510787466,1
408,6.813836933207815,-4.089460056335434,0
409,7.827933851000934,-2.536440130894544,0
410,6.8519260818216345,-2.3758095672103328,0
411,2.3219916750092415,-6.589521044612123,1
412,7.219092800009295,-3.2399354397203997,0
413,8.29437538952364,-3.8773741613337336,0
414,9.805356502069575,-3.501098592731016,0
415,3.029005734711399,-10.22011477117574,1
416,6.800589760052031,-2.0076244764404576,0
417,2.0377679543845972,-9.60852630384914,1
418,1.0448833694851976,-9.875259364577106,1
419,7.3377758613213135,-4.1913571704713455,0
420,6.049694575946794,-2.681252277412589,0
421,1.3529225176534152,-9.141975464705851,1
422,8.187770405909397,-3.6083911729683695,0
423,7.8518084012442895,-4.421542026102481,0
424,7.186450408674428,-2.5551686903463247,0
425,2.3234012014580943,-9.729542308597905,1
426,-0.3580549783622815,-7.962790423508369,1
427,6.657546077597995,-4.505703477334526,0
428,7.809867208100205,-1.6014376139490787,0
429,8.418381635416626,-3.7725776196288123,0
430,8.228532618106895,-4.007900327714442,0
431,1.8706027487543462,-7.3063648095914795,1
432,-0.7534679010849055,-7.608199172710256,1
433,3.5156621996123096,-8.747841987470382,1
434,6.8941630731420425,-1.8162910490150186,0
435,2.3358237452612807,-9.059545906090404,1
436,7.66988884464514,-1.4632438606399052,0
437,1.3431982321754363,-8.844412042610022,1
438,2.426522057625223,-11.289313391693092,1
439,8.4385830523711,-3.6612270245720504,0
440,7.608195537332968,-1.2356523593178272,0
441,2.4478939399137905,-8.47211495710508,1
442,2.034749224391682,-8.088929577648322,1
443,6.859055587573051,-3.6036583939547935,0
444,2.0216243999701127,-8.412142751668064,1
445,1.049337685771858,-8.679157548760736,1
446,1.526484635668968,-7.954728552197529,1
447,3.074990556718139,-8.297416987758423,1
448,6.8712497147214275,-2.852019064658167,0
449,7.091710833106813,-4.118356505158859,0
450,8.6551083596785,-3.901680869310545,0
451,0.5901673035402566,-9.183400761120014,1
452,7.531542260030441,-3.40021662526447,0
453,7.9249536375421075,-2.7749244202942447,0
454,2.556635571061789,-8.374949113785148,1
455,8.584457588642742,-4.165630638365588,0
456,1.368736534574637,-9.754625493678715,1
457,2.403961325772629,-9.303481866686528,1
458,7.933830995056977,-2.554197751778324,0
459,6.559821947476629,-4.6020739056617,0
460,2.173183051149652,-7.519538417447396,1
461,1.9072863991730677,-8.738188178264037,1
462,6.378619643110141,-3.8250940032556087,0
463,8.297408888120925,-2.5429307996728117,0
464,1.4430565268826794,-9.63843274244616,1
465,3.1590540340444107,-8.821995025948759,1
466,0.8076450477124579,-9.730567868843144,1
467,7.973539886326695,-3.283817444104221,0
468,1.7716721357660676,-9.003015468692618,1
469,2.3422421556658146,-8.792069098735684,1
470,7.342530430596332,-3.1419306639541604,0
471,8.325312213933644,-0.9282377047564414,0
472,1.2313689763388647,-8.716281264927119,1
473,7.96905159857964,-1.9329740954850596,0
474,2.0601870398300606,-10.421507825852162,1
475,0.9417542500423823,-9.184775538075506,1
476,8.507125247549142,-2.078455734132292,0
477,1.5321003882926785,-9.640047038286621,1
478,7.934576372074795,-2.8136809613362512,0
479,7.593941211249334,-3.231743631594334,0
480,7.198139146714071,-3.3538455938037854,0
481,8.03849461772248,-1.8304384402997096,0
482,2.2447793561894125,-9.35565247566421,1
483,7.545385694824231,-2.2218009981331113,0
484,1.9846088926172338,-7.97381973335779,1
485,7.142408810870045,-3.197487735651078,0
486,2.2193100920649487,-8.925765941264029,1
487,0.40738113914222485,-9.620622405849536,1
488,7.277794815980808,-0.9560904062561204,0
489,-0.1247955900512665,-7.532599428829002,1
490,2.014951694207495,-7.2561312454755695,1
491,8.296380038287701,-4.04027575483777,0
492,2.2912807059136977,-9.616291846352192,1
493,0.5376525673785684,-9.455163261834834,1
494,2.1204793129559274,-8.508602580738488,1
495,2.2709041568366035,-10.087392429249864,1
496,8.113009532205842,-3.0259693717901266,0
497,7.837190116007064,-2.711486057153562,0
498,0.975976836222333,-9.356233717990468,1
499,2.1833331433815037,-8.465084103020065,1
500,3.277936184240427,-9.040863575334864,1
501,8.246903399704776,-3.543425854694565,0
502,6.498195780872606,-2.777875859376889,0
503,7.621579230152726,-5.241691303171075,0
504,7.107704083420289,-2.5434732089224603,0
505,7.944723502217772,-2.113327494706887,0
506,5.05659971683356,-3.5027125188897905,0
507,0.8581407284824709,-8.79930395434494,1
508,1.2919261562563567,-8.350144260203614,1
509,7.081966988562661,-2.225186596285397,0
510,2.163201031257145,-7.391603341318363,1
511,7.544137544260641,-2.547892063720856,0
512,6.605378895782567,-2.949850833512079,0
513,2.2512009376487105,-9.565057398654911,1
514,0.668474263981035,-10.577989241237105,1
515,8.01668712857963,-2.3141745422670503,0
516,8.476119958288653,-1.0494591286449686,0
517,7.033589978025722,-3.8224761503532987,0
518,2.0663427873555897,-9.740515582497203,1
519,0.12817237982422403,-9.170615316592047,1
520,7.959956497636173,-2.568569366698714,0
521,6.078889745545182,-2.217439323820736,0
522,8.833664059101206,-1.4282729142414101,0
523,8.187902794213144,-3.257641766885324,0
524,2.6063490933912465,-9.165344718609145,1
525,1.991045850111867,-9.564774374908074,1
526,6.8605357764393755,-4.020547068726766,0
527,9.280681056433853,-1.880604925613101,0
528,8.518398171772207,-3.349438497004667,0
529,7.260469442458845,-1.6812509200565657,0
530,1.0939488077812638,-8.26818636042429,1
531,8.944554089816432,-3.5395375950858807,0
532,1.8188129352536158,-6.989258651405441,1
533,7.0473159312278595,-2.690297932216539,0
534,8.277999573058617,-1.5110626605369166,0
535,4.228932575918485,-12.636393000040087,1
536,8.917009251460788,-1.974948016608844,0
537,1.475692109615676,-9.428888873415351,1
538,6.989660239698155,-1.8771825302775582,0
539,7.710119968290688,-2.705234824770769,0
540,1.2977098724831027,-7.4099754677127825,1
541,7.619066840182482,-2.63283315679889,0
542,0.3480059232291046,-8.126877721481968,1
543,8.85450955961141,-4.0306671903282725,0
544,1.6138216738419544,-8.625132219132817,1
545,2.1264073196262934,-9.313509983629054,1
546,6.558524021373293,-3.992608058805083,0
547,5.788594070042462,-2.9709717411573484,0
548,7.766318978579375,-3.587078555653206,0
549,3.36215574998275,-8.114660829772172,1
550,6.351886259416238,-2.622199842304598,0
551,2.400106392423056,-8.164954524211131,1
552,1.3547210128158953,-8.589345572127746,1
553,7.641373895440549,-0.7955449357574662,0
554,6.086147326753914,-2.4833184857224606,0
555,7.302062283321966,-4.169048556185766,0
556,8.057571477097968,-3.1399357679474575,0
557,7.144851707382013,-2.983596285694284,0
558,9.025277425629815,-3.2201876853106834,0
559,8.695401450245477,-1.3528877057144275,0
560,3.839533067579961,-8.713570192019588,1
561,1.7023992200323983,-9.072957484943476,1
562,7.500413791307229,-1.7007418188751589,0
563,8.147169988916179,-2.4737074915977297,0
564,0.8159577809765464,-9.712460015896092,1
565,8.306295289006085,-3.975659112686963,0
566,8.246639875525076,-3.4761705832769714,0
567,9.053389022334251,-2.7187156441046523,0
568,7.729960856624144,-2.2904953001747623,0
569,2.123564116753174,-8.909823805740402,1
570,1.8548563879237505,-7.734515407839131,1
571,7.4720474790818,-3.011529615035145,0
572,7.4188023703825525,-3.1327597152543514,0
573,2.2881115049412637,-7.630353087947954,1
574,10.717057866160951,-2.9237617502413604,0
575,2.6632146623128214,-9.033884381773076,1
576,3.362616819570772,-7.882977200919999,1
577,8.752265553068455,-3.0530883817486973,0
578,7.672872156623903,-3.384728933425416,0
579,7.192027170296427,-3.80032068481983,0
580,7.72949171747141,-3.454300777164199,0
581,2.7539432888038133,-7.952934235903051,1
582,1.9880315692479038,-9.658653970948691,1
583,1.0240269688745833,-9.340790204636818,1
584,6.950280645268696,-4.4664623126038245,0
585,1.4609826985545382,-8.374387692314006,1
586,7.438196455106653,-3.330573488916382,0
587,1.5221719695005087,-8.243940959164709,1
588,1.4148442799392316,-9.247533802758054,1
589,7.665488729597582,-2.1941229446541612,0
590,8.13393003593076,-3.13053165117501,0
591,9.289661417071628,-4.451383895616432,0
592,1.9306335121324094,-8.570217568670282,1
593,1.5635695021876521,-8.164604484092349,1
594,8.9504953667486,-2.6921604131729935,0
595,1.0545762121935578,-11.072788208059253,1
596,9.301901107408058,-3.8907697145078535,0
597,2.365052327121208,-8.452061298325157,1
598,1.8331054607402648,-8.857575737349839,1
599,7.506304767706785,-3.297137857505153,0
600,1.3006173350537706,-9.207491288305143,1
601,1.3448024817945035,-9.312630290927014,1
602,10.100179263049723,-1.2861176716666098,0
603,7.169205338492544,-2.1969579836442907,0
604,7.801650210410631,-2.0408218647143115,0
605,8.168124720521291,-3.5421164595365937,0
606,7.58015499813834,-2.647451518358607,0
607,8.566420283346735,-1.0161924595373506,0
608,1.57980361901706,-9.80651894118144,1
609,5.434713460806538,-3.5763080864055334,0
610,6.550391674366633,-4.057635455144214,0
611,2.297730780843782,-9.675518569181543,1
612,8.202840935885185,-2.3447212137686346,0
613,1.2829674465268637,-7.719461585613085,1
614,1.9120976686456959,-8.722389162953679,1
615,1.0854813087119695,-9.630085553255082,1
616,8.767759144922886,-0.139889231212023,0
617,2.1904628333848786,-10.591555124641737,1
618,7.707028067329541,-3.4634877966880935,0
619,8.397646595241214,-2.763305498020938,0
620,1.4602915221298784,-8.473496373055205,1
621,2.4927787459103405,-8.977835955601387,1
622,0.7896468863661633,-8.572921112764973,1
623,1.1561125356176132,-9.576053294777243,1
624,1.450573038051947,-8.35086961550286,1
625,7.444882474115511,-5.245853172375185,0
626,0.1334483311045589,-9.089863000483312,1
627,1.9057315979117795,-8.14311470441299,1
628,1.8865338480588225,-8.307530751025842,1
629,1.8073879122595589,-8.45431356539437,1
630,6.650595030412235,-1.591911252792646,0
631,1.0776895932756005,-8.74279782774092,1
632,7.817919813587769,-2.847436419488577,0
633,7.723112316134464,-2.2042955303854788,0
634,7.921784379818552,-3.919867642118541,0
635,6.052158967209919,-3.1358803413950644,0
636,7.752462422604567,-2.5834495891237568,0
637,0.8552564038553021,-8.90554160612546,1
638,6.364991500811399,-2.287836139447885,0
639,9.512098020353747,-0.06197831995719927,0
640,1.0195278597943371,-8.358387041503375,1
641,9.02274356184078,-5.323107779839984,0
642,2.072850196051748,-8.454757391970961,1
643,2.5418794357566936,-10.039381460750853,1
644,1.7865568018050206,-8.473367741965657,1
645,3.3256629253585057,-9.329185735416164,1
646,2.7488306443759334,-7.52712482389492,1
647,2.6254182716933623,-9.706609742603536,1
648,8.672693143441501,-2.5453403955550638,0
649,-0.46957228841229526,-9.890762058909118,1
650,0.542800230817948,-9.13155087880745,1
651,1.6685123713042382,-9.18657582955144,1
652,0.5419289099079261,-10.468969879976108,1
653,2.049141522852113,-6.992376114344033,1
654,1.5506418564642581,-8.275018842238367,1
655,8.648390602771848,-3.9964409896668105,0
656,7.010891878818948,-3.81628402610999,0
657,1.4503745956012026,-8.679868973751235,1
658,1.0072466309883759,-8.266442290719205,1
659,1.6229249242990968,-10.226211443322477,1
660,6.810166024654853,-4.661496561789147,0
661,2.7944089213932566,-9.051286023657925,1
662,8.35529225073877,-3.6518610781246434,0
663,7.733028930893288,-2.3179660198250556,0
664,1.7514109597923841,-9.851751458960573,1
665,2.5309354292953055,-6.955109620264787,1
666,7.460211106854855,-2.497455729696603,0
667,8.567391613091003,-1.8938262425842782,0
668,1.9013226173063864,-8.693540789159238,1
669,8.671240434828189,-3.2089238615688704,0
670,7.597362589098591,-2.892850001101531,0
671,1.8374110642705288,-10.153003309808803,1
672,2.096553757628915,-8.554657536213323,1
673,9.212163131000636,-4.586000906481325,0
674,6.651229832679806,-0.8097904642506588,0
675,7.065965336866178,-2.6410111763173814,0
676,0.32503338389060077,-10.937423067740365,1
677,7.985393200761922,-3.22514292717637,0
678,1.0558368154527011,-7.493477410296624,1
679,6.993718547315057,-3.324241918958778,0
680,1.4024071566666323,-9.068876180688369,1
681,6.660167886192008,-2.301795290629024,0
682,6.196631777389766,-2.4475247627072525,0
683,8.677630390944902,-0.6617983616991601,0
684,-1.1597467395240217,-8.103086776045357,1
685,1.6751088421245544,-10.340213580392545,1
686,1.4103552966660724,-8.99908413142751,1
687,1.483526948337601,-8.518355989541764,1
688,1.1971310307539682,-9.664258939070866,1
689,1.1743545285197805,-8.328679215347016,1
690,9.339408616970086,-3.465614784331131,0
691,3.1163416593905393,-8.532578678342697,1
692,0.12459205039789878,-8.480187190588051,1
693,7.7267378182584805,-2.3430955223895333,0
694,1.2559761228656514,-8.868698826900944,1
695,2.2915679387428627,-10.425380539635647,1
696,1.0605462120990037,-9.109086342800243,1
697,7.7596243551318445,-4.30528572710667,0
698,1.4151464205510829,-9.162939892611032,1
699,7.412996103428633,-1.7439869867091353,0
700,7.20950822481461,-2.281206341065559,0
701,2.3068872437734735,-8.861297583850746,1
702,2.976785273689284,-7.261730501226143,1
703,7.072932399029263,-2.126877852088598,0
704,8.622608235694392,-4.6547244026331445,0
705,1.8124644173339297,-9.180699842021367,1
706,1.6100222146292145,-10.097462342910756,1
707,9.682475461405103,-3.1819727375906286,0
708,7.322537661697698,-1.9004263324712638,0
709,0.8691852145066741,-8.984788659239534,1
710,1.1352789911892978,-10.137174623008043,1
711,0.5117691287631114,-7.677171139533093,1
712,2.375700850244667,-6.549895109864707,1
713,1.104198021506901,-7.959601549215585,1
714,0.8677669666251162,-10.549800156731461,1
715,9.724337540222097,-3.0296153765109546,0
716,1.6228355262042349,-5.8019983088134985,1
717,10.916708092666823,-3.428991013457256,0
718,10.150026751552442,-2.143783677878229,0
719,7.935266371230215,-3.752145985243647,0
720,7.343102673132136,-2.7719596787423324,0
721,-0.4718722043651242,-11.113241960976875,1
722,1.6899907257545237,-8.556306093879101,1
723,8.770406158954742,-4.001331338617869,0
724,8.588126699401258,-1.824811803057385,0
725,8.710103252063734,-1.6537095811758906,0
726,-0.4774746418424076,-7.421922574484169,1
727,8.757690075271999,-2.7718511599060216,0
728,2.1968078403964686,-9.619857308502597,1
729,2.24574006798093,-9.789506727677724,1
730,7.404598211867268,-4.703485434528889,0
731,2.9306905835174257,-9.248521589080298,1
732,2.2438259583439106,-10.209081316699187,1
733,8.141080399020042,-3.676443970929589,0
734,0.5593734861706186,-8.045870465031697,1
735,1.8544803418154623,-8.48200396422561,1
736,7.74747808593894,-3.9074447757595996,0
737,-0.03470145874556674,-9.879809733455756,1
738,9.20952815856591,-4.253512942051725,0
739,-0.9388636046379535,-10.117912611142172,1
740,8.008388658762657,-2.9964637288778,0
741,1.4713722106150022,-9.255869462205613,1
742,1.9488026886293344,-10.056752159701412,1
743,7.775306815673798,-2.1565316353974775,0
744,1.4424480117194702,-8.720931068235616,1
745,7.410129318474301,-1.6106763380275864,0
746,2.951084951459849,-7.255905261671266,1
747,3.842807956879963,-8.70010419231312,1
748,6.47163382876238,-3.228896890671942,0
749,9.048907617848402,-2.417887421100157,0
750,8.056433317226517,-4.813769724216807,0
751,3.1420026105942607,-9.640453967675809,1
752,2.983192029145636,-10.10355972319379,1
753,0.33410400057371303,-10.181014368611782,1
754,1.289732665171765,-8.316802913033978,1
755,8.854722272997252,-3.697795166490625,0
756,1.8186154659063236,-7.001924138956494,1
757,1.2466585170937639,-7.58300604460444,1
758,6.514278506010771,-3.7987480031704814,0
759,6.754457942098791,-4.535743374721507,0
760,0.8344715718266539,-8.08822536046922,1
761,0.49861520378822144,-6.315329931244017,1
762,2.853908356945438,-7.9864516930212694,1
763,-0.3398099146274305,-7.167809481551554,1
764,2.7672339281199183,-7.967356304580602,1
765,7.602151408297876,-1.3690773819645596,0
766,3.047046159889367,-8.821956013901493,1
767,7.396269840695236,-1.8077204541975571,0
768,2.1571520223768856,-9.060628335126093,1
769,8.112839601047813,-2.1391184404110817,0
770,1.5272299011837362,-8.876665273194208,1
771,5.6942978884689675,-3.028933492470212,0
772,1.7285506480185715,-8.549979879053609,1
773,8.371146393829466,-3.0566968148222706,0
774,0.07847349983862073,-8.284533118466184,1
775,0.588308655009403,-8.917334146742741,1
776,7.59227148628413,-3.4312010434064044,0
777,7.501125844713696,-2.055124445937107,0
778,9.065815297360693,-2.3536955595056277,0
779,0.4509372360352437,-8.262023475142563,1
780,1.9460951787217466,-7.86129947106878,1
781,1.6544023121885778,-7.874359681990539,1
782,3.654217432139819,-8.213877241230774,1
783,9.18172136198466,-3.2076701962310077,0
784,8.314039245353154,-2.510329734192803,0
785,8.648038666964526,-2.3439765283068676,0
786,2.5778563613157317,-10.096307883712567,1
787,0.9678370686768085,-9.868592906218975,1
788,0.2507433871222562,-8.495238955645128,1
789,4.901012634568206,-3.992048389378268,0
790,8.830882604266954,-5.027078651368617,0
791,1.9338328251086159,-7.725914898453953,1
792,8.081416833863141,-3.3235952427001165,0
793,2.7810978211322226,-9.014426493076213,1
794,0.38517499246130216,-10.190997915140974,1
795,6.7669145427388235,-3.342691201567136,0
796,8.606579395301061,-2.910457244815872,0
797,1.0178449836216399,-6.966852203844196,1
798,9.396018370162246,-5.330512792837165,0
799,11.098767260773649,-1.9053892343454906,0
800,1.9819696618766653,-9.060186228388108,1
801,8.213646530685761,-2.5251720796521804,0
802,1.417693166457605,-8.306214693583835,1
803,6.27399930130149,-2.817236978035417,0
804,7.983702479843796,-3.5544079247655542,0
805,6.7091875776693914,-3.6388197625863583,0
806,8.911196436261422,-2.8606603681458727,0
807,7.1637445179477535,-2.0603439613117014,0
808,7.168129801257457,-4.165143361174847,0
809,1.4191271563879397,-7.919108005483395,1
810,7.69208424855452,-4.099803509893873,0
811,10.223483489611624,-1.6675685500043267,0
812,7.697634174739591,-5.187904641340147,0
813,2.4703250190125825,-8.718195708308736,1
814,6.5853395369420955,-2.1315463833892885,0
815,6.769497732158929,-2.130800214255614,0
816,0.8745167265612961,-6.714226009511384,1
817,6.754208970289286,-2.823185170499935,0
818,0.44258549369548983,-7.42727518935707,1
819,1.9471252269161294,-9.881416745857441,1
820,8.800707247230955,-1.028530083780357,0
821,1.4008897772327913,-10.660292721126089,1
822,0.8643596706303617,-10.256084330808699,1
823,9.245937649981727,-2.35928114106966,0
824,2.6181523890248943,-7.988358737105941,1
825,7.794410006480873,-1.9698527507329011,0
826,1.5413339187036534,-10.015884017504883,1
827,8.510738702992406,-3.085053856806728,0
828,8.54865412678784,-3.7972795871960043,0
829,2.398910775322363,-8.097063445476469,1
830,7.116778380022284,-2.8330712474196287,0
831,9.525083293806885,-4.123857256086256,0
832,8.138619985992976,-1.9923186392709984,0
833,8.74825867497539,-1.8919443302790424,0
834,2.1910220761835304,-10.229253339980584,1
835,6.6945564328771265,-4.123058547570842,0
836,9.326699999991389,-2.704654452023058,0
837,5.608524491940228,-3.8375292621083377,0
838,7.528125157316913,-2.7253170694867617,0
839,8.804955735144231,-2.551418993366844,0
840,8.248181300064429,-4.741640997814412,0
841,1.0786807517635393,-9.031172871629254,1
842,2.199549311333478,-9.935745109028941,1
843,7.058120593772281,-2.8208635461119833,0
844,7.948174963045339,-3.101268043653796,0
845,8.323886055849687,-2.107592485141339,0
846,8.648914103806389,-1.8974443478835445,0
847,2.6112831997876036,-9.547556889901518,1
848,2.0347321055620053,-7.996740902997254,1
849,2.486137432115306,-8.822740699242507,1
850,8.257674656389918,-2.6033088228674344,0
851,1.0112884995100702,-9.188488373163981,1
852,1.8738557866152945,-8.270239254236312,1
853,8.07278642139822,-3.4576960867152415,0
854,9.254436083575248,-2.7191884519121774,0
855,8.577253372141397,-4.619920489131189,0
856,8.427911607631899,-2.66786172392425,0
857,1.7719852800275586,-9.72257151560748,1
858,8.007390731581337,-1.262580628404225,0
859,6.743159003615626,-3.9795581474210584,0
860,3.365760193117074,-9.673428066561238,1
861,0.7169666264427657,-7.52988267648257,1
862,6.820102956681402,-4.256513064528149,0
863,8.615057671567447,-4.048275509356135,0
864,7.718141213708775,-3.7736482716788844,0
865,1.1213939067595895,-8.711980985917231,1
866,5.836424429926779,-3.323759567130564,0
867,0.8538919583310876,-8.923883029233421,1
868,5.920607003225492,-4.090737366521122,0
869,6.668026567622091,-4.330898270280241,0
870,9.201048704410912,-3.423752760491848,0
871,7.3565649718551835,-2.87402446111131,0
872,0.9300490995053737,-8.881282721454491,1
873,0.7169040943101769,-7.980827839864852,1
874,8.486365095554383,-2.922923444408155,0
875,7.694689953446579,-3.2850963242196847,0
876,2.056391707839932,-9.840372865538525,1
877,9.208562658602577,-2.859433082587655,0
878,-0.3027167461897957,-9.162145094521751,1
879,6.823216444323048,-1.9799341242587243,0
880,1.3651901158963475,-8.241299376255473,1
881,1.6057554917544572,-8.277982608967935,1
882,9.225225153072063,-1.9678610628336113,0
883,6.554105496492897,-4.136571068949091,0
884,6.954502202411967,-1.826971813230893,0
885,8.994163818099175,-3.6247130097108085,0
886,2.140947823477574,-8.394335004219737,1
887,8.602687935236526,-3.264999051877587,0
888,8.58020791068673,-1.6224019529785096,0
889,6.5399479337816855,-3.484281583632789,0
890,5.709038623200507,-3.3495711302736533,0
891,8.163635425589105,-2.8513955765977244,0
892,1.1324877000013331,-9.307553611651702,1
893,9.054488367804664,-4.966794465616037,0
894,1.4423024326810157,-7.78878573435872,1
895,1.6370343059079824,-8.68160365417768,1
896,1.6469451301378375,-9.968972760456634,1
897,2.2729287838632524,-7.934367611570734,1
898,8.407532338477958,-4.069706986017039,0
899,1.26516404891517,-7.94548512947142,1
900,8.525755213161291,-4.143464771372553,0
901,2.203509197436263,-8.396273217783726,1
902,0.46295844445835055,-11.144065390213663,1
903,1.965402330074889,-8.65814927350082,1
904,7.355216586798977,-2.9665530604615578,0
905,8.162086559566283,-3.24135532898013,0
906,0.6983571964056118,-11.41702390182113,1
907,0.9641715898929493,-8.562537199241758,1
908,2.0147238475063967,-9.459551207474103,1
909,0.2949527297558652,-7.249087298329544,1
910,6.508364827878379,-4.7813632062893605,0
911,0.22781146158516807,-8.25593599459061,1
912,7.046608224958845,-4.11397642475054,0
913,7.026536055847983,-3.725337057066071,0
914,0.31512962104538533,-10.27962448523061,1
915,3.2521731252291897,-8.886561626479116,1
916,7.953017179221289,-3.629960517597766,0
917,2.1433751756552084,-9.514036449572943,1
918,7.8632794902708305,-1.5091343129141082,0
919,7.453800837774664,-2.634405225638157,0
920,6.83180205599739,-1.9832491193453763,0
921,1.3625317619675437,-10.78962019342137,1
922,1.4882439491574293,-8.885747666762862,1
923,6.5929398395918195,-1.84579254316637,0
924,7.841713308542406,-3.733709866831488,0
925,6.814752106729885,-2.7313522135252177,0
926,7.04502741990608,-4.386446916415851,0
927,7.687222884119755,-2.8956462459596977,0
928,3.8477872458601414,-9.32328838362665,1
929,7.7283179165775975,-2.707097061255062,0
930,1.1951447933387915,-10.324545219419017,1
931,1.333309258284837,-11.449184826709452,1
932,6.269721921498694,-6.13748995130085,0
933,2.2674013897181915,-8.57285610361827,1
934,6.979810649330213,-2.64599967224512,0
935,0.13732438705016148,-11.021288419231382,1
936,7.627828078045187,-0.9367164612387884,0
937,6.720073255517465,-2.842019845680663,0
938,2.6465731295833628,-8.902717832953082,1
939,8.103629806927193,-4.257948924798131,0
940,6.022639647602788,-2.794709244412109,0
941,8.073195460881346,-3.202396995688075,0
942,9.465279272253404,-4.038787903966583,0
943,3.2159549447027187,-7.586795242584218,1
944,0.5781616270937506,-11.336210419345033,1
945,3.3287195913489365,-10.88287841218453,1
946,0.11900672515217003,-9.578218780939832,1
947,0.32395669402904126,-9.7992359469774,1
948,-0.04818763701836337,-9.519819602230317,1
949,7.196146689013727,-3.008278608255064,0
950,1.0944094766821155,-9.465056630754956,1
951,1.4418912829990187,-8.463095553156215,1
952,6.973185345016025,-1.4681384722055189,0
953,1.198417339971581,-8.01219162441432,1
954,6.787908554814728,-3.9249174372629625,0
955,9.103096895444796,-3.023442858076191,0
956,7.0452158309061375,-2.811760295207609,0
957,9.402334113069076,-1.1568792920101154,0
958,2.0213848293560526,-10.842486684154386,1
959,-0.6389779714083481,-9.52538388103897,1
960,2.959406220033525,-8.795171699233345,1
961,7.730097310776325,-1.8091864351868754,0
962,6.1822713404313525,-3.416883503378044,0
963,7.583370853283113,-2.2845283857533047,0
964,9.07294494243607,-2.949255450021445,0
965,9.29743349533592,-4.2477196870435225,0
966,8.272227397183485,-3.6546122606835794,0
967,7.873267316031594,-4.400927879601058,0
968,1.363745592644704,-7.108954290553221,1
969,1.7041240198448462,-8.54784737751194,1
970,6.163450000445624,-4.348496189122759,0
971,0.4691676934745397,-7.6611146702348645,1
972,6.7073794048036754,-3.201543083746376,0
973,7.420820820656399,-3.1878178916809525,0
974,6.747083803609694,-2.096290377123017,0
975,0.6840104579591556,-8.315685108319727,1
976,1.50652564286437,-8.461552077494696,1
977,-1.1919838560564306,-8.867798202584474,1
978,0.19167976563651812,-7.425325797837944,1
979,1.85934667407104,-8.822922197217745,1
980,1.7135246150985257,-8.50895880122981,1
981,7.394930318443638,-5.0968542081099635,0
982,1.668613145064363,-8.681745925599955,1
983,8.932806386538243,-4.30368072459016,0
984,7.847796496364418,-2.5383166394232974,0
985,2.198165846698336,-8.047129906280277,1
986,1.8125444459631799,-9.458035446637558,1
987,1.5769269705121014,-10.061257483439578,1
988,2.87374774734395,-8.751930062254187,1
989,2.286378702636149,-10.448295311720376,1
990,1.010120108663933,-11.683236413350233,1
991,0.4733292547628245,-9.949472930258802,1
992,1.9958820805492543,-8.886373780088224,1
993,7.687714746182156,-3.3932677611371487,0
994,2.5123616975699177,-8.62104968085139,1
995,6.696323379136191,-2.69389921326257,0
996,7.673068791836805,-2.559793075866649,0
997,7.866224558736508,-2.9645942071085476,0
998,7.8891489864644715,-2.9037944878559228,0
999,1.838280789355324,-8.702310174541408,1
1000,1.3699089460731386,-7.323675670847234,1
1001,7.578414848296472,-2.472267672085887,0
1002,3.331609846844767,-10.012311154085635,1
1003,2.8061825316334597,-9.622762939265076,1
1004,0.9621931665660981,-9.780672913628019,1
1005,1.8629061536063731,-8.16726018874319,1
1006,6.7092089889261395,-2.0094851168836163,0
1007,6.608613992213688,-1.8884460638164793,0
1008,2.3951106440655425,-10.648219761835458,1
1009,8.020325478070044,-2.9991417123280284,0
1010,8.042069732505706,-3.0453167850921314,0
1011,1.3628989844039523,-8.89137010122655,1
1012,2.6082672250321632,-7.85561654787897,1
1013,2.0823753856293377,-10.976858597572653,1
1014,9.269818875747594,-3.4412911808258135,0
1015,0.8057369266383869,-9.955937759243602,1
1016,1.1338367015971285,-8.011865267200369,1
1017,0.5605270593510003,-10.017662491120358,1
1018,6.732725024685428,-2.204925770528567,0
1019,0.9290507769059125,-7.999051715976195,1
1020,1.0255913839207735,-9.89874086609382,1
1021,0.9176461227174747,-9.155159193559612,1
1022,7.856193814855149,-2.1213097830690044,0
1023,9.813099496422424,-3.110603308051092,0
1024,7.126444495055426,-4.0923631535989795,0
1025,2.0536865511159452,-8.317510070201612,1
1026,7.963596026269696,-3.2592049609909335,0
1027,8.373616992234092,-4.365985075161312,0
1028,8.784257642966347,-2.6007943449197004,0
1029,7.183660527652881,-3.311952086766424,0
1030,2.585259751019806,-9.609704764424569,1
1031,2.73625826410676,-8.391601265802663,1
1032,2.4312803028094487,-8.795003907469509,1
1033,8.13708005605978,-1.8960003087620474,0
1034,7.229871435334884,-0.36023785126353225,0
1035,0.5918088371939774,-9.30923688828485,1
1036,7.103499567347104,-3.7285300524325002,0
1037,1.469654604447766,-9.174120997211256,1
1038,1.77861004159968,-8.353075667685498,1
1039,6.212386195318661,-2.4629543452829115,0
1040,7.165529935849978,-3.3795202539803584,0
1041,3.7191286470449536,-9.155437427924404,1
1042,7.752830094136566,-3.113841809972297,0
1043,7.498098182948656,-0.8089523512959209,0
1044,0.7330727258207393,-9.239523284361855,1
1045,7.1937722979819565,-3.033850945407868,0
1046,1.977062539595917,-8.210795957467019,1
1047,1.4727692092619757,-9.67083392947062,1
1048,7.812240216985718,-3.9009503260565372,0
1049,8.509814716219577,-2.0384364704796787,0
1050,1.7572843632706259,-8.22078325448439,1
1051,7.0546962059121245,-4.277806888998852,0
1052,7.143305771603253,-3.051186860556072,0
1053,7.243845012502989,-3.6176502102549444,0
1054,6.615291065624442,-3.636812858271246,0
1055,0.08850644095454241,-9.072611023134638,1
1056,0.7466513960817223,-8.886490218600214,1
1057,7.087977696675821,-3.437345303282507,0
1058,1.6744422715284788,-9.62483939936542,1
1059,1.926978540075016,-9.748578119292583,1
1060,9.15905308767126,-2.9012382333562616,0
1061,2.792421895106586,-8.190496646420305,1
1062,6.084757650493622,-3.887837814804472,0
1063,3.2798760192751746,-9.357252639755275,1
1064,8.051582181578924,-2.21260358771468,0
1065,3.9527359716167187,-11.072859494100154,1
1066,7.6516366952063155,-1.981085780151418,0
1067,2.501815695716515,-9.453366984064829,1
1068,2.736084849366183,-10.480992971174075,1
1069,-0.11547233847487481,-11.043381114051705,1
1070,8.520296884911874,-2.4854271049488674,0
1071,1.66297557786213,-9.627931469108685,1
1072,5.837602933779957,-5.395472173407064,0
1073,7.51019101948599,-2.178112246959285,0
1074,1.602261965286553,-7.857856998326982,1
1075,8.300126054460089,-5.16762393731009,0
1076,1.2104653718048142,-11.194132413366178,1
1077,7.6054582360460845,-1.2511722999725718,0
1078,1.4888067475289173,-8.945982392008201,1
1079,1.873345365822379,-8.199073082690488,1
1080,2.4693044908899147,-9.883482324002163,1
1081,2.695669899866238,-9.307059735468842,1
1082,1.7001913261047514,-9.225015979911955,1
1083,7.783197069110794,-5.004926757554623,0
1084,8.99211112876229,-2.535323426850688,0
1085,0.2538108135832464,-8.76498399319524,1
1086,2.3782127996687565,-9.583967429468078,1
1087,0.875110366411515,-9.272310742166137,1
1088,7.779253022537726,-2.1115607259087277,0
1089,8.266820043567924,-2.0491885160347136,0
1090,8.09371122186831,-4.397624979559721,0
1091,9.534507177806738,-1.5617463131345475,0
1092,1.9345272246414527,-7.829775403767226,1
1093,3.3368509038509475,-8.77651122226171,1
1094,1.8647822907221079,-9.120574763928685,1
1095,8.651236781943611,-2.00450178949241,0
1096,8.377666859754084,-2.5256635336748228,0
1097,6.482261302839828,-3.0424616917395833,0
1098,1.3029387783444406,-10.189850966960435,1
1099,8.435859584652254,-0.7417153800650302,0
1100,0.24697141964525993,-8.550204586322296,1
1101,2.535805104048901,-9.170568104370483,1
1102,2.7422674398407754,-9.599820868780029,1
1103,8.003589574387693,-3.125368048668924,0
1104,0.9963821020999859,-8.767970437001745,1
1105,9.447544274345162,-2.1837956012803246,0
1106,7.681895943081517,-3.41263038609069,0
1107,6.569047933792099,-4.658005796353231,0
1108,8.056852249792573,-1.1986550776071083,0
1109,7.996470320831779,-3.1009504662826415,0
1110,2.589593786865632,-9.617298154543588,1
1111,7.981951009797248,-2.8347655225442785,0
1112,8.627638939362962,-2.2398811194732526,0
1113,7.747116480960122,-2.3844840548857325,0
1114,8.343472974843118,-2.0063583729824197,0
1115,1.5832465383722554,-8.977790721772898,1
1116,8.007092177034398,-2.8716948840347256,0
1117,6.9601381556929125,-4.586943256242156,0
1118,8.823408431756619,-4.3900218821775985,0
1119,0.7311351162245486,-9.540414495311651,1
1120,6.758505614959932,-3.4461086483514753,0
1121,8.445195152160146,-4.301925031448688,0
1122,3.0766473435091815,-7.604660114889454,1
1123,2.609163170996843,-8.517645888534801,1
1124,1.0052027601035958,-8.820040364256776,1
1125,6.012678332733049,-1.6923785626187096,0
1126,7.2842922982156875,-4.236055560996232,0
1127,3.554130619625191,-11.829100995092558,1
1128,8.936503822384081,-3.1992286191508272,0
1129,8.153375243505929,-1.495678638885757,0
1130,2.1546580395511024,-8.332510123851556,1
1131,7.918736709148747,-3.010465501760781,0
1132,8.414304433227077,-3.2392479366712825,0
1133,8.615005262298789,-3.0365187360362436,0
1134,1.970784373367856,-6.842162492593932,1
1135,6.3944814634106155,-2.8893733299070647,0
1136,2.4439824233835687,-8.415681313323107,1
1137,0.6502316161469555,-9.644967340986781,1
1138,6.586740793221275,-3.020922678503218,0
1139,0.6376808401994185,-8.381317615401244,1
1140,5.7603086634690195,-2.919136131803668,0
1141,7.424819726338339,-2.8260821506926743,0
1142,0.8633072188848968,-8.411133718636,1
1143,2.257504052657102,-8.979769481395957,1
1144,2.807572999642553,-8.444445521989147,1
1145,1.6683883696461883,-8.64627680770759,1
1146,7.313130974732693,-4.102996649444458,0
1147,8.441048534251077,-1.2371896428874527,0
1148,0.7906511522015143,-9.407171798402427,1
1149,7.578170419223855,-2.6259741814962014,0
1150,1.5653279567176985,-7.766510996979978,1
1151,2.2947864932982,-8.885455655659774,1
1152,6.940303048223997,-2.5340946338108385,0
1153,2.1270605832564873,-10.343917145819127,1
1154,7.710500719175624,-4.765137040802383,0
1155,8.741818913948638,-4.310869095116033,0
1156,7.502823521733285,-2.1899620036878438,0
1157,8.218447704556782,-3.2801854172753826,0
1158,9.73149180647259,-2.230642650256888,0
1159,9.05669704236559,-2.403707614406105,0
1160,8.49698989538642,-3.6941703608407903,0
1161,7.256289245484546,-2.733445032634054,0
1162,8.089894792273231,-2.369359220739238,0
1163,0.6551714381531428,-9.138997894188638,1
1164,1.7146044740039472,-9.719661147845011,1
1165,2.2434088698532353,-9.69095907630437,1
1166,8.31200305873335,-3.4729510159186074,0
1167,2.2076194024523135,-8.996444227434107,1
1168,0.880481487213581,-11.397428681862623,1
1169,11.277134579757679,-2.6791089759262077,0
1170,2.8996332882181655,-9.119452184470036,1
1171,7.5699709082842865,-5.075264717122984,0
1172,1.0725596672818676,-7.781928005558756,1
1173,-0.48807337549761964,-9.14779875142263,1
1174,2.1310396589810883,-8.811836029420768,1
1175,2.453272329886193,-9.696063623407634,1
1176,2.6506552478934844,-7.896121279463901,1
1177,2.220026633122818,-11.261335373094248,1
1178,8.33067978545919,-3.9453655448057914,0
1179,6.958717467491879,-2.8065780383523573,0
1180,7.396421684438765,-4.016741864387484,0
1181,2.4377011631430063,-9.87340144524124,1
1182,7.358262003996549,-3.080480416057647,0
1183,1.6516518685700723,-7.952163658390967,1
1184,7.753301180682191,-3.5389785547083683,0
1185,0.7704120588987144,-9.29409067084946,1
1186,1.3645287842194427,-7.815008163325427,1
1187,5.399320267140628,-2.6858077368280395,0
1188,9.649370900228337,-2.4056444945884445,0
1189,0.19377932259374897,-10.956125219580557,1
1190,7.712606151439387,-2.4304973482816092,0
1191,1.4575903634203442,-8.920106821448282,1
1192,8.926335720518669,-2.6685057201554034,0
1193,0.8949187704930135,-7.870923041384801,1
1194,8.961026186577463,-2.433142141704067,0
1195,2.7587812091007584,-10.186850330413781,1
1196,7.537259821779833,-3.3714744583720253,0
1197,8.769090479586456,-1.75009865319189,0
1198,7.690679848393128,-2.2082300314878056,0
1199,8.547047185459245,-1.5103658229158496,0
1200,2.585577991207509,-8.396147954285293,1
1201,8.364185652184911,-0.07036309252417983,0
1202,8.735696448257562,-2.4615976929024526,0
1203,2.131685436944731,-8.629847019839914,1
1204,0.7733970155605073,-9.053681365051,1
1205,0.6228420170480531,-9.723514914507604,1
1206,1.328625366613408,-9.531359281038512,1
1207,-0.11004766009608158,-8.264563142480467,1
1208,0.7324416890050186,-10.495394349277591,1
1209,-0.8421727386346869,-7.939776804559031,1
1210,8.961991489664742,-1.567294493359366,0
1211,4.203142639137091,-7.573050869323365,1
1212,1.8352685229900223,-8.717548615657432,1
1213,7.479392935863127,-4.589923711347424,0
1214,2.352071934973333,-9.553951052975957,1
1215,6.782519097593626,-3.009104646750733,0
1216,6.754520272403011,-3.281415901711906,0
1217,1.492364775364953,-10.127385717200706,1
1218,8.612694899391776,-4.44074607514636,0
1219,9.256627510291338,-2.9527662257807736,0
1220,1.5277083103699352,-9.751286843990844,1
1221,7.5270907384180346,-3.442851159870591,0
1222,2.6825728828463404,-9.326362629417252,1
1223,2.0075433820605344,-6.23934551099512,1
1224,-0.06049025165942079,-9.3281631509261,1
1225,8.324789410315145,-5.140811017341912,0
1226,2.8266276081909663,-7.6187807104285605,1
1227,7.700234003314731,-2.34033698839031,0
1228,2.9106006300796095,-6.810025672572518,1
1229,6.901821767584146,-2.0399336567862596,0
1230,1.284106728932365,-7.0000629039916245,1
1231,8.417513731057028,-2.221360060223006,0
1232,7.391551857368148,-2.766139673307924,0
1233,5.03349759322507,-3.514091989339854,0
1234,8.748995646626812,-2.549198136402317,0
1235,2.3714403922531924,-6.807676959389047,1
1236,1.698288021041249,-8.986968704045331,1
1237,1.4851285936462055,-7.545643248778067,1
1238,9.167990630977636,-3.4643705028992646,0
1239,0.9737015373142879,-9.970254649564309,1
1240,0.9109004043351341,-9.341114495132977,1
1241,1.36296999749967,-7.730333582175581,1
1242,5.498433487601268,-3.0688965869479956,0
1243,1.611254262826529,-8.878810358834428,1
1244,2.092182608480287,-9.127339641220908,1
1245,8.570351438401898,-2.495829359049856,0
1246,7.6457379815436886,-2.3490022513454765,0
1247,0.8519609254806022,-9.51669645748162,1
1248,0.2669211295838343,-9.844117876854956,1
1249,8.149139752221084,-2.7572213369929117,0
1250,2.0192435232630275,-8.945641173768573,1
1251,1.1770623582168778,-8.79932349243545,1
1252,8.2596868310785,-2.026533524186991,0
1253,7.600303722838985,-4.076129735222188,0
1254,9.175102044276677,-2.1262535383185996,0
1255,7.662893853077147,-1.043768922118284,0
1256,7.380579384283812,-2.849211313576203,0
1257,7.635764193332679,-4.51080731122956,0
1258,0.9406778001326713,-10.104619433381805,1
1259,8.09682991139322,-1.979299591577186,0
1260,2.6216329096739734,-8.84813894004267,1
1261,7.354841264258984,-2.922554613010701,0
1262,0.9311182050977609,-8.170082800808693,1
1263,8.2279938043515,-3.268204220337628,0
1264,8.097923454267153,-3.0918885281160975,0
1265,7.908265589269141,-3.368656934141539,0
1266,0.988267855876487,-8.394851183217332,1
1267,-1.3423024602312918,-8.79746322118266,1
1268,7.893223514209811,-2.8183445432947973,0
1269,2.0380511110145765,-7.502846183218681,1
1270,7.512785491770996,-1.7150293940081125,0
1271,9.144566919779125,-2.0989150104799075,0
1272,7.021754814744105,-3.068021190913957,0
1273,0.6892830454550252,-9.814682995633143,1
1274,8.50584430215692,-3.2129513382436587,0
1275,7.804796944928672,-3.0282865068548017,0
1276,5.6609280521331655,-2.264889936694848,0
1277,1.2948882602701515,-8.64615812271579,1
1278,8.85521050052982,-1.9810142700612015,0
1279,1.2639510961129323,-8.480756563269946,1
1280,7.390123390795404,-2.5495975124577708,0
1281,7.7232116249499265,0.02822581731225471,0
1282,9.855099446261415,-2.4646416134937867,0
1283,6.28085707441642,-0.9781782224194038,0
1284,6.59093093614849,-3.0309224322045982,0
1285,1.5835629192065304,-8.561728409592162,1
1286,8.779710440565518,-3.3900598968307616,0
1287,0.7826606379564303,-10.426788219029632,1
1288,2.3159444039435826,-9.800728423762841,1
1289,9.045687748873796,-1.8070574767811662,0
1290,9.601598036278098,-2.5083761490327894,0
1291,0.9375889943752164,-7.943155389103793,1
1292,1.3232074721252558,-8.310821514351003,1
1293,3.2407724726066336,-7.867680972308543,1
1294,0.525131440100111,-8.163818038432462,1
1295,8.279441186159591,-2.656388568281241,0
1296,8.73156490917873,-2.6631799479789673,0
1297,1.8112402290785041,-6.956809515652717,1
1298,8.055796487043299,-3.09001841245409,0
1299,7.535840637124434,-2.7384515426577556,0
1300,9.080159565069232,-4.453094622351151,0
1301,7.327648972186869,-0.5053023959226088,0
1302,8.526068102571047,-3.397291791073525,0
1303,1.3051596448780096,-11.030599936757593,1
1304,2.2779095514181775,-9.278293652830502,1
1305,8.003732084063483,-2.1982209984942225,0
1306,2.922443660868669,-8.547042536693814,1
1307,-0.42609669011779117,-8.890902119599014,1
1308,0.9216606686226139,-8.935112704608187,1
1309,8.573146774846396,-4.509238704250567,0
1310,0.7070515571761987,-9.122620659771023,1
1311,6.192025895066073,0.16620366176530466,0
1312,8.714485415937014,-1.7676532182888358,0
1313,0.2189659034824969,-10.640331529572144,1
1314,4.62223291117835,-4.171657767345811,0
1315,1.8341375967791818,-8.203628671715283,1
1316,7.6043839980097205,-3.9802749642661857,0
1317,1.4608966194294855,-8.469684890281485,1
1318,7.775264706108954,-3.2820439884081996,0
1319,5.380468317792818,-2.792150037836083,0
1320,1.1852049074305853,-9.762424578764461,1
1321,8.578880647214215,-3.5943812592618936,0
1322,2.7710712944298552,-9.387242627315839,1
1323,8.153865002536223,-4.688101657398448,0
1324,0.9879111405952758,-8.028394876410994,1
1325,0.5799247621133665,-9.40946793926779,1
1326,1.6598842727853393,-9.388730984379057,1
1327,2.127352569604116,-7.83433328093148,1
1328,8.42396693061173,-4.852387762068767,0
1329,1.4377127776488803,-9.280433695936141,1
1330,0.35223676006600657,-8.037731635096796,1
1331,1.7956649304847934,-10.139557124793006,1
1332,0.14014837647271827,-7.515896236037155,1
1333,7.619679173728493,-2.1977759863850967,0
1334,2.6896471209883286,-8.488364927172382,1
1335,0.34849595895233154,-9.899297707843662,1
1336,7.161171514849157,-3.4037621280954617,0
1337,1.5137423788767523,-7.813355560215763,1
1338,8.88990652228467,-1.9127333057038896,0
1339,7.43386705051637,-3.876510880510406,0
1340,0.28666165360103446,-12.194791225467922,1
1341,1.506977065031621,-8.810359381694798,1
1342,1.2735940786865771,-7.880714953277793,1
1343,6.915427301819778,-1.620589812836857,0
1344,1.6971941487653726,-8.57075403307137,1
1345,1.4523310114404409,-8.571156000539265,1
1346,5.195237366582658,-1.9714044414432061,0
1347,1.6681334771895329,-8.698149681271053,1
1348,2.100565739568313,-9.732087018276044,1
1349,6.6354311713233365,-3.6820227888708974,0
1350,1.6318395445972345,-7.369407765648883,1
1351,2.68868800329958,-8.721872686921307,1
1352,1.1796371600823328,-10.470658042808626,1
1353,7.4101778259449995,-2.6773741377918228,0
1354,1.9488944863619295,-8.761414724397476,1
1355,9.097926123027916,-2.1803725191532357,0
1356,2.5708193207789267,-7.421333575531032,1
1357,2.8881507528371144,-9.908914036119736,1
1358,2.2011586344412324,-8.815491252786062,1
1359,8.754787596164881,-3.991761331411573,0
1360,2.965215775963906,-7.934340692791762,1
1361,5.019545250141976,-1.4485917889606215,0
1362,-0.09108024037574802,-10.343567132168749,1
1363,0.9771566863556226,-8.717760734712163,1
1364,3.022369710190926,-8.921423077728488,1
1365,9.704936531437754,-1.4566077999935445,0
1366,7.397903486471315,-4.18051694910862,0
1367,8.509911246979097,-2.5633452628532463,0
1368,-0.07641235790820877,-10.361555696436408,1
1369,0.2899987085696789,-7.821475253975693,1
1370,8.031015435642486,-2.8385105700115894,0
1371,8.23387598301572,-4.234899884477736,0
1372,7.800808593480447,-4.226172209665442,0
1373,0.18319112733468845,-9.306817947711673,1
1374,3.0551350325242552,-8.53902496713115,1
1375,1.3297752733941959,-8.659167648634641,1
1376,1.9435445498879376,-9.168574128730754,1
1377,7.794432063157378,-3.6785150425728257,0
1378,7.850398751602338,-2.9591935687877378,0
1379,1.4315840004847118,-8.39720713527529,1
1380,8.92844243601636,-3.517003008423764,0
1381,0.9752298172897416,-9.567287093108614,1
1382,6.863763143877576,-3.08639821424288,0
1383,2.5713840802656787,-8.57705760601855,1
1384,2.194830552044907,-7.624010067321952,1
1385,1.9078918902233595,-9.994959903643641,1
1386,1.8341996729008543,-8.703227124645935,1
1387,7.641311124538207,-3.166044848005469,0
1388,0.9890031911963284,-7.084393703593595,1
1389,1.5847097914529351,-9.436364823231768,1
1390,8.220206287601728,-1.1949975476300931,0
1391,1.7270578204103688,-9.977978023233987,1
1392,0.6011472338628323,-9.510925501353096,1
1393,3.006250452403205,-9.989853357634757,1
1394,6.964770037343152,-2.187036267011962,0
1395,0.5419014174407144,-8.901817866251609,1
1396,7.220896827765412,-5.42143808359603,0
1397,1.2543409879548975,-8.850319870478218,1
1398,7.66245366673569,-3.0614991433969587,0
1399,7.618074936355993,-3.7522573981597933,0
1400,7.693084401465072,-3.017830249893646,0
1401,1.3675569243219772,-9.102471902986846,1
1402,6.970599421382134,-3.686723517400877,0
1403,6.140690567045329,-1.553800696013255,0
1404,6.662486340429043,-5.778999672537275,0
1405,2.493342603476129,-8.433428474962076,1
1406,6.659833611404819,-2.291171796465119,0
1407,2.2678332792077196,-8.92188570186809,1
1408,10.255306196365648,-3.934162295691185,0
1409,7.584217075264366,-2.857248382431394,0
1410,1.554353910010568,-9.038617870027723,1
1411,7.331283104653027,-2.7206416641047957,0
1412,5.285222228111991,-3.623409118742431,0
1413,0.1530661900661685,-8.157611575179157,1
1414,0.5410320774542456,-9.46549008769304,1
1415,1.791679088291489,-7.4372170708123155,1
1416,7.185829512228794,-4.055540750171803,0
1417,7.278297702809061,-1.858885073000801,0
1418,8.685563718118631,-1.8466265282725127,0
1419,1.091761558781665,-9.436092887059692,1
1420,9.812335844854408,-1.227178745458192,0
1421,8.171653990730178,-2.782952939920819,0
1422,-0.3857872156976172,-8.601230740619474,1
1423,1.4322098265501957,-9.605869514510688,1
1424,0.9378518441795051,-8.64682214480162,1
1425,1.4963244213806535,-6.563684731851824,1
1426,8.589100198362718,-2.525146040712692,0
1427,10.025733998154795,-3.354401115159556,0
1428,2.2349917104566144,-9.383851902821394,1
1429,6.7915782683255275,-1.7956199219269908,0
1430,3.774688192083978,-8.482702791534027,1
1431,5.0168165383145915,-9.817078007469926,1
1432,1.2817997359547109,-10.988026546665655,1
1433,2.507712077857354,-7.564416510839021,1
1434,5.483901987369331,-0.8077454584285455,0
1435,2.2837039959767678,-8.421169298360494,1
1436,6.190849094571607,-4.449315271126208,0
1437,0.5020649499353371,-8.695662519119205,1
1438,3.1501923110005485,-9.099939561226387,1
1439,8.29966051993685,-0.8080157195487212,0
1440,7.793242897903721,-2.344486341812895,0
1441,2.0796201379594024,-9.541186699575425,1
1442,2.7045064530771254,-9.771569047565526,1
1443,1.9285823028588271,-10.687463740664242,1
1444,-0.05194224624031185,-7.702559493747263,1
1445,1.4463928246084485,-7.665000451052263,1
1446,3.9721523489929242,-9.19859648267136,1
1447,1.3275533671858133,-8.075316453547961,1
1448,0.49046301149887683,-8.717897901740795,1
1449,7.973569649660376,-1.8534516904086917,0
1450,7.257209509312016,-1.8988253819381806,0
1451,7.935532621397422,-2.720231626366947,0
1452,6.800017165847144,-2.3380832033907892,0
1453,6.7205421758776955,-2.9031175141774486,0
1454,7.578301084403304,-3.314229467751776,0
1455,1.8075098745611546,-8.436095452919885,1
1456,3.487095499732983,-9.64842023736035,1
1457,3.7662139852183505,-9.143535838357941,1
1458,6.188283394191678,-2.41058714236309,0
1459,5.8566489270393465,-1.9589523757785379,0
1460,0.6008533676877672,-9.717899920580958,1
1461,1.2471865283456183,-8.651284004501182,1
1462,8.147031542502518,-1.9094563965813516,0
1463,1.301528420981408,-9.753038912180331,1
1464,8.625532725891214,-4.08875918706426,0
1465,7.014639964854465,-3.3247317376304175,0
1466,1.8903770051690996,-8.022192696805538,1
1467,8.817676490194797,-5.027567893825698,0
1468,1.72701579686287,-10.017286819646277,1
1469,2.968325827380018,-10.170357460699366,1
1470,1.7258909432889007,-7.792752698576097,1
1471,0.4656764157959019,-9.434396371401572,1
1472,7.704258493333816,-2.7275615895179537,0
1473,8.526537797232786,-3.233353177931491,0
1474,8.624104501427377,-2.595881080781799,0
1475,0.5891348270808794,-9.305076744635407,1
1476,7.75733140029905,-3.2927076847550065,0
1477,2.9488183565119255,-8.637454507421333,1
1478,7.144898679023558,-1.213046710574756,0
1479,1.4583697716560593,-8.99318873139385,1
1480,8.30751792784894,-1.288125935302775,0
1481,5.973709688034777,-1.0776555817917075,0
1482,7.634465675340186,-2.6225737127996953,0
1483,7.087153300935469,-2.6158088718334818,0
1484,2.2145395239600574,-8.451944008571251,1
1485,8.255093569788873,-2.7241998028648937,0
1486,8.654242249741927,-4.90989435834431,0
1487,2.244797294584629,-10.384878902944028,1
1488,-0.6583591017322048,-9.782749574963558,1
1489,1.7223577129507288,-11.208605816202155,1
1490,1.7704739807867274,-9.619036934701667,1
1491,2.841485497609539,-6.912228833204891,1
1492,6.591902575100018,-1.8800140060621513,0
1493,0.27508040320280447,-9.413359939158191,1
1494,1.3570788051281562,-9.342682060571036,1
1495,1.5947727723395955,-10.718304646316607,1
1496,1.7843586615257911,-7.675063606658573,1
1497,2.6874674328423502,-8.940166485361633,1
1498,2.3537427097473698,-9.921109856838797,1
1499,1.6711934573341192,-7.967707159092158,1
1500,8.000225401332681,-3.069825715277114,0
1501,9.241680211076662,-2.8124737238523965,0
1502,1.6773937874126774,-9.070814127953557,1
1503,7.4912990722792046,-2.0064885265575407,0
1504,3.388581302506763,-9.600387791285568,1
1505,1.6377361740294136,-9.337856100879351,1
1506,7.492238276407528,-3.4129060036317744,0
1507,6.2039175492040926,-2.8110881690067755,0
1508,7.711560678236494,-1.6075243500422,0
1509,-0.18441835750779023,-9.014035151369024,1
1510,8.480395437589944,-1.712550675043548,0
1511,1.5596678931095336,-11.604874860054053,1
1512,7.642176172943484,-3.3458624640424843,0
1513,6.989706843421855,-3.595950783590446,0
1514,6.424224531421674,-3.541213136285105,0
1515,0.5985388344504887,-9.12186529619122,1
1516,2.171083745726686,-8.760729382809508,1
1517,6.5538938635047685,-3.1326478148229575,0
1518,1.3032454341296014,-9.33087939293286,1
1519,1.62487440154815,-8.046246332424785,1
1520,2.2568708191427005,-8.96167028111397,1
1521,2.035537856665959,-7.722142825139901,1
1522,8.398382180134375,-2.6005861800139183,0
1523,2.0499590679987256,-8.049451796350022,1
1524,8.62445245157839,-2.2645208562129397,0
1525,6.800145314973199,-3.508161395368344,0
1526,8.79844057879094,-1.1128242364864611,0
1527,1.9584031011644243,-8.61908898785629,1
1528,10.14572640800096,-1.0198852964567098,0
1529,2.0284485821670195,-9.223597328983344,1
1530,8.223758413180963,-3.5375297208638212,0
1531,0.18861349593940568,-6.485173427468755,1
1532,2.192609304956487,-8.923364139111774,1
1533,3.02085611226512,-10.496018902277502,1
1534,1.024942576871686,-7.771116769863004,1
1535,1.1231657131662893,-10.636807122251486,1
1536,6.340424006141554,-3.0874424153568603,0
1537,2.0242727389713746,-9.164099234215945,1
1538,7.510208403082421,-2.5110363788304957,0
1539,-0.49699028646041477,-11.839692865223927,1
1540,8.04926215080765,-2.439490421057262,0
1541,1.4632449038864161,-9.08265911651051,1
1542,7.160855033648724,-4.2060083174039065,0
1543,3.3899511532558617,-10.260642017200565,1
1544,8.476619850172,-3.2410100733791802,0
1545,7.409776144453733,-3.7252352063531036,0
1546,7.263209144931625,-3.291759454380414,0
1547,8.48269858175426,-1.6208797154767645,0
1548,1.3220922882024195,-8.295416480527203,1
1549,2.4739313787268005,-9.273343498249421,1
1550,9.416175230760759,-2.201001761943719,0
1551,7.564103668834358,-3.2963665896725116,0
1552,6.576012078117759,-3.9113573258718226,0
1553,1.5164408098763777,-7.702238176314837,1
1554,0.8095792054056434,-9.12606433149329,1
1555,0.9502042323825697,-9.57674759896674,1
1556,8.001015630819548,-2.398023611606593,0
1557,7.864499676608009,-2.769351333598822,0
1558,1.1574914661963867,-8.4553215102034,1
1559,9.749439066145447,-2.875667880905175,0
1560,7.63863801087913,-2.789208609607819,0
1561,8.194971247748613,-2.531290551063094,0
1562,1.2710296531206542,-9.917346250691962,1
1563,2.226696871797072,-10.410201093318758,1
1564,7.218799459009675,-4.253158723855356,0
1565,0.42100606800473583,-10.780545989745193,1
1566,9.08933550794939,-2.208449420013218,0
1567,0.01997797319799388,-8.909978569538344,1
1568,1.9489209778586822,-10.68951613023437,1
1569,0.6760987810212321,-9.985053460646162,1
1570,5.168682954455166,-3.635125199539019,0
1571,1.584828298865691,-9.92647611998913,1
1572,1.8231718415478282,-9.405189067992549,1
1573,7.952980741280941,-3.687366007157453,0
1574,8.411937159233146,-1.5819231927750457,0
1575,1.0663091680045826,-9.489853041092715,1
1576,1.893676842801246,-8.657915314032854,1
1577,2.6554927886864164,-9.301214004330799,1
1578,7.97807470869071,-1.3359060428823974,0
1579,1.085696237127587,-8.91911090532892,1
1580,9.284994495771118,-2.1772694358168434,0
1581,7.114524454059186,-2.3346296099024513,0
1582,8.019931465923902,-2.5435153440431826,0
1583,0.7214927597502463,-8.276868233690774,1
1584,1.9243790356020793,-8.174903372480944,1
1585,3.5140112796334106,-9.929917614869579,1
1586,8.185934731295692,-3.3339192561527344,0
1587,2.646631147783664,-10.529170737929993,1
1588,5.351265901042897,-3.0368386477200975,0
1589,0.04279332380619505,-7.436381862246893,1
1590,1.453606566824891,-8.825859005673196,1
1591,7.6487918939509925,-4.0455705223264085,0
1592,3.692931856527509,-7.296183567528271,1
1593,7.771910263643428,-2.674807167630956,0
1594,1.1117666896354899,-8.697958572430885,1
1595,9.017751967431611,-1.6999340274398809,0
1596,9.044744792847977,-2.29391230214377,0
1597,3.1545883933410765,-8.785143157220656,1
1598,1.2891469162102245,-9.13635241341284,1
1599,0.9866673661144009,-6.9300016608062585,1
1600,2.311774456748897,-10.364486213357925,1
1601,7.454610133388864,-2.500617243987051,0
1602,10.09455347591473,-2.7723289666746913,0
1603,5.241343673810118,-5.092590746450044,0
1604,1.4931432875585826,-7.687145954984791,1
1605,5.771308044808432,-2.152301733160194,0
1606,1.0476705650522717,-9.655133301281479,1
1607,1.8936337542156956,-9.53975866088517,1
1608,2.6750577126332264,-9.46579345550639,1
1609,7.486019798199711,-2.345042516873142,0
1610,1.3135264061481478,-9.441088113630473,1
1611,7.744295965624523,-3.6934080701375676,0
1612,0.3618560666322721,-10.132878450496051,1
1613,1.9641206016919763,-10.062049693505296,1
1614,8.616435142203489,-2.9479944296152536,0
1615,1.8460472348114616,-9.197045339625266,1
1616,2.2048069594939554,-8.770488339766265,1
1617,7.940404954133688,-3.6392185036810254,0
1618,0.5477928296960517,-10.791768145058594,1
1619,1.8262130246109933,-8.802180350847653,1
1620,7.095888344305989,-2.6579427547247145,0
1621,0.9907708825004999,-9.447002454967741,1
1622,0.45963659772355414,-8.687724116994215,1
1623,0.5831760111508342,-8.51217341932922,1
1624,0.7883167321520969,-7.993848387301147,1
1625,7.765632953882543,-2.0737488486422637,0
1626,6.887956656164965,-4.038477752926602,0
1627,0.7781176147237654,-8.447072754494762,1
1628,1.8972146562422818,-9.087391393709055,1
1629,6.754749884792217,-3.0003629716347406,0
1630,1.8793554284103735,-9.333117228533554,1
1631,8.124055438062452,-3.567766745941033,0
1632,6.647526578552364,-1.2932278906363266,0
1633,1.4509914496559135,-10.715350771617594,1
1634,8.177761614881328,-1.2141551739273106,0
1635,2.5884708973751303,-7.352270855510511,1
1636,6.496540895613918,-3.8527304431003135,0
1637,1.7044070381060321,-8.320378309906031,1
1638,7.330223534257749,-6.069650223506113,0
1639,1.4938398379026312,-7.358042945782479,1
1640,7.293448346971249,-3.567297862806102,0
1641,1.6813252692238152,-10.07626112543432,1
1642,7.622452546257216,-2.705715438106712,0
1643,1.3683078838847123,-8.544672170454028,1
1644,5.53973367024968,-3.8089346885975157,0
1645,9.140601839497165,-4.331213256664389,0
1646,1.0708587193969823,-7.9326639966704935,1
1647,7.919906368650791,-2.763139928434191,0
1648,0.7795978845562457,-10.97272839511936,1
1649,1.6572947284524167,-6.711469822797802,1
1650,3.192884496667963,-10.879613202293267,1
1651,3.587122415575981,-8.131982290275344,1
1652,1.0411257526020243,-10.047805390787824,1
1653,3.7659348742874674,-8.13987362682422,1
1654,0.8582163779469918,-8.971873104843194,1
1655,6.4633634057129115,-1.4436142686491735,0
1656,1.309474757377588,-9.423852888009241,1
1657,7.972425329584236,-5.11293482362872,0
1658,9.357530561211027,-2.2700463125545207,0
1659,9.082774636030768,-2.329682068911007,0
1660,0.702327268286084,-9.857292998656202,1
1661,7.260006274295504,-3.532499274312081,0
1662,1.2774729255707602,-10.152088232838516,1
1663,7.505237226770884,-2.888765566406047,0
1664,1.6161379878695925,-8.620414898476936,1
1665,1.5364077504708027,-8.817663594230554,1
1666,2.0475498111613355,-9.100273146773592,1
1667,2.3189708177994617,-9.562168642888768,1
1668,2.337414850488277,-7.111538100115369,1
1669,1.6102125207158469,-9.206788383532185,1
1670,0.5091225888651076,-9.224112189201904,1
1671,1.10644947245514,-7.283570342830468,1
1672,7.29164442850234,-2.3580992737294904,0
1673,8.143111279463634,-2.482545543012504,0
1674,1.4291526469905127,-9.147985105427164,1
1675,7.799594679670588,-2.302945121351924,0
1676,2.1983472570645457,-9.16461174212605,1
1677,5.620615552723033,-3.771271862632437,0
1678,1.7812875818085498,-10.0401926821636,1
1679,8.950510988177625,-2.541573517932654,0
1680,1.9609985539709616,-10.560081643595723,1
1681,3.388840659354565,-10.4764180902141,1
1682,5.532484043875037,-3.3969497174257337,0
1683,2.7694242404375977,-9.540211575845936,1
1684,6.964564418310678,-2.965081963842342,0
1685,1.1917642891467672,-8.459357519472206,1
1686,1.9704973108788901,-9.909621328732467,1
1687,1.2320196199608238,-9.500091322793454,1
1688,1.212610896987476,-9.579117491160622,1
1689,0.5535939779321657,-8.35901768203076,1
1690,1.448283692528155,-9.490711132692477,1
1691,8.946616104432923,-3.881905067190562,0
1692,2.777718680683951,-10.563811328956863,1
1693,1.4214387088995113,-9.336837405567172,1
1694,1.8412861302748846,-7.323467585949348,1
1695,6.363886829219094,-2.374270334914247,0
1696,8.482686542407697,-2.7558426384532915,0
1697,7.110539845035678,-1.5829975862601706,0
1698,8.024968927529446,-3.8561647488223114,0
1699,0.8198258679251466,-8.60067732806784,1
1700,3.7282681336531422,-7.369857976509618,1
1701,6.848887796252575,-1.714022084980243,0
1702,7.564013975272108,-2.4806911902963718,0
1703,8.727216637634328,-1.3728707696603024,0
1704,6.7536882365024695,-3.1133771421024856,0
1705,2.720836716585237,-9.528412017997583,1
1706,8.518559244254206,-1.3714918947308492,0
1707,1.4347239409160724,-7.542803776501668,1
1708,2.1043527338233456,-8.46695918467419,1
1709,1.818847785045651,-8.821208039466496,1
1710,2.352467882453442,-9.593114768067977,1
1711,2.1061957143460024,-7.946909869597274,1
1712,2.2162933180295807,-10.686707830708713,1
1713,8.299638578642277,-3.8758681639797024,0
1714,0.8205672748168991,-7.998430071250567,1
1715,7.68278886302783,-2.4732213486307004,0
1716,6.78215973119693,-2.2742301249293875,0
1717,0.9972000084635452,-7.015767043665743,1
1718,7.8607089000130825,-2.5858785372948994,0
1719,2.757222071428494,-8.047259608937042,1
1720,8.129936360582617,-5.165089947833886,0
1721,1.8843702599433212,-8.028348978370307,1
1722,2.945600195497544,-8.098385651166401,1
1723,2.3525721257963963,-11.604361528322094,1
1724,9.152772726758144,-2.343679631966406,0
1725,2.384362373502715,-7.277201164829921,1
1726,6.666221780438375,-2.442647330437665,0
1727,7.798019586177207,-2.7392646006896033,0
1728,1.3718181956511148,-8.25779250716529,1
1729,8.057709243402972,-3.3510753977635623,0
1730,1.4599978644473806,-8.74218605094734,1
1731,1.5000442729531396,-8.731949055869498,1
1732,8.298181021278031,-3.468734437845635,0
1733,9.454369689597167,-3.774447232656878,0
1734,1.2185861236028295,-8.535755932958748,1
1735,3.076242585563717,-7.3592986823068935,1
1736,2.1369374099349465,-7.674795572108769,1
1737,2.7538632436699193,-7.2578745662729585,1
1738,7.897835035066713,-1.708524628275924,0
1739,8.309263212526847,-1.808159127238519,0
1740,2.1793576342941856,-8.724711002931397,1
1741,8.036536381938706,-3.429353687585853,0
1742,6.892678823595559,-3.225672878929349,0
1743,8.606923142349892,-4.45802656561405,0
1744,7.881969281551307,-3.7558793628233347,0
1745,8.861153150176012,-3.0932034368830736,0
1746,1.0053406389878896,-10.592511834345382,1
1747,2.222933027927084,-9.46681324326553,1
1748,1.4239178680137068,-10.299220568550979,1
1749,7.22233565966591,-1.7762157667634713,0
1750,1.2065651537330022,-9.24719215114799,1
1751,9.03862496661591,-2.1034141923010754,0
1752,8.400906393947368,-3.2857686627525378,0
1753,2.058549561682849,-10.079158568691513,1
1754,8.367186023800635,-2.3358113777466762,0
1755,7.960270583683482,-2.8145976787990024,0
1756,1.9004287669941091,-8.796541985201717,1
1757,2.3573687833808976,-8.93915184642655,1
1758,1.7221108484690537,-9.608060932146211,1
1759,1.36717477596779,-8.837475349856108,1
1760,1.2383127210797416,-9.914019901349741,1
1761,8.03051530535871,-2.6437833521369143,0
1762,0.29719215729606807,-10.092448225167322,1
1763,7.77002939284379,-0.7397564074241929,0
1764,8.13581882790669,-4.590841818622884,0
1765,1.7023824994807708,-8.91024170221269,1
1766,6.188661627428569,-4.001908738980437,0
1767,7.4156648436344375,-4.123919968788637,0
1768,1.6182724041353083,-9.603809981582284,1
1769,0.9705124895990895,-9.956283519678408,1
1770,3.2196279921136144,-9.652674975515211,1
1771,1.1564253354541454,-8.77251141948255,1
1772,1.1526842409747908,-9.251123090339457,1
1773,-0.1219894841446536,-10.047194854995572,1
1774,3.110168628263628,-9.663855435779617,1
1775,7.645567083878262,-3.7753400052707873,0
1776,2.6467211837593383,-8.219176121909944,1
1777,8.91089113849564,-2.39578072134046,0
1778,1.6535898883117437,-10.126654047820901,1
1779,6.81917251136386,-3.2550339904496015,0
1780,8.211820874955114,-3.1172441607536503,0
1781,7.54970622110518,-2.896428779756395,0
1782,1.9239221311925343,-11.280086089311006,1
1783,8.302843919199665,-1.6458529947738405,0
1784,8.107303755709694,-4.347286765979543,0
1785,7.999173635214838,-3.9531894435892574,0
1786,8.772896035116247,-2.213553653864053,0
1787,7.80341144371201,-2.7518978018271283,0
1788,0.3767140042279946,-8.699415209099506,1
1789,6.879514170382416,-4.383063730094933,0
1790,3.5582433760012657,-8.085439697611127,1
1791,8.126313813412022,-2.823236310116405,0
1792,2.0707744737012552,-9.046659261227411,1
1793,7.927758164737638,-2.9230238715753845,0
1794,1.666323334239751,-9.484246761250867,1
1795,0.6858817957753824,-8.112009171908172,1
1796,8.23667439014337,-2.305874684556661,0
1797,7.391265821999334,-1.6111997885875198,0
1798,9.04194772614179,-2.472709167220917,0
1799,1.2103246135928367,-7.003191334647225,1
1800,2.195482203219838,-9.583903986608432,1
1801,6.695924090814939,-2.3243046302826373,0
1802,-0.0031207964989661274,-6.8832271286974915,1
1803,6.938547250538148,-3.905612877082327,0
1804,7.39985147012193,-2.067249676533118,0
1805,8.042822090690883,-3.5199453495630255,0
1806,1.050745726166246,-9.32751527406394,1
1807,0.36400069957383163,-8.12697311456416,1
1808,6.5113258852388824,-1.2602586035643508,0
1809,9.64252297288829,-2.261690902383509,0
1810,11.023685687409749,-2.28363448125807,0
1811,8.32344685064153,-4.1468327109248,0
1812,8.415749037469887,-1.9679174143385496,0
1813,7.97246344704315,-3.453989564257607,0
1814,7.377903894826808,-2.8432157643716467,0
1815,0.6420005662501,-8.76398968784251,1
1816,8.465424251300732,-3.7251389268747004,0
1817,2.5800387739235835,-8.189916728481657,1
1818,1.596053443403009,-9.07095086915523,1
1819,1.2728491949308935,-10.366253634525204,1
1820,2.856956311934349,-8.572868994893263,1
1821,1.8128297786692176,-9.310414960701328,1
1822,7.049974041624811,-1.870817734185556,0
1823,7.697517846845931,-2.2510117456376273,0
1824,2.3218786884101132,-8.367294277931393,1
1825,8.712839570503364,-2.4976528388454793,0
1826,7.53467574660642,-2.4448728191024287,0
1827,0.017821996364145498,-9.416146040677297,1
1828,7.313658951163941,-3.465490455085301,0
1829,5.439506627789512,-4.420967454190251,0
1830,4.387846173732629,-9.713492593212143,1
1831,8.561566961704902,-2.1766534870348413,0
1832,1.1434377504576765,-8.600251656500438,1
1833,0.08171566535010388,-7.888498028858973,1
1834,7.78126817100209,-2.801858774258579,0
1835,6.698654930402605,-3.5344195672570162,0
1836,8.743493180385236,-3.01331255973674,0
1837,8.486554041979927,-4.210897147316663,0
1838,0.7089221231748071,-9.36485913274843,1
1839,1.4956959959331633,-8.616152240204235,1
1840,0.889223726993844,-10.35345248356081,1
1841,8.924440239065829,-3.842188338166744,0
1842,1.5719856419625953,-9.811981633398018,1
1843,7.6130214997879255,-2.301666593026049,0
1844,2.966488730556562,-9.083312050839378,1
1845,8.241141181394788,-2.9625251284638763,0
1846,0.8712964414331918,-10.211159356567846,1
1847,1.6504554204614643,-8.765451238032757,1
1848,3.1582961122894573,-9.923426827497602,1
1849,7.611638225150326,-3.765339066918984,0
1850,8.65796490038937,-1.066354472318439,0
1851,1.1566095707781847,-9.231057200276659,1
1852,1.1439002372637814,-8.638257029794358,1
1853,1.7888467105156147,-7.1029265091336775,1
1854,7.45333921999544,-3.132499506030304,0
1855,4.8272049391709,-3.6646080002249373,0
1856,7.228821232329726,-3.762583062233697,0
1857,-0.2744912758582192,-9.099524808953056,1
1858,6.001196472409653,-3.2315483994552388,0
1859,1.0972957929230698,-8.225709435470645,1
1860,1.7695057451484608,-6.760076237994202,1
1861,3.190952980029179,-10.590905792097384,1
1862,1.9155306612151528,-7.8059608448157025,1
1863,2.9870213582482563,-10.516089304336539,1
1864,8.318067302924343,-2.8199050102901624,0
1865,7.8847378092487705,-3.3236241101220494,0
1866,7.814252709826586,-3.1992873094926875,0
1867,8.002518788771292,-3.356787795844904,0
1868,2.626209511768191,-9.16809509734974,1
1869,6.795989163959803,-1.7446322164215808,0
1870,8.9868778501017,-1.4854276762862255,0
1871,7.430294070455522,-3.642634480684691,0
1872,2.3858820266248513,-9.466446415000364,1
1873,7.76641448207193,-1.9231306379969773,0
1874,1.5594777205551074,-8.60461109348757,1
1875,1.5587741922183445,-9.88807806264813,1
1876,2.314601444817905,-9.259160943664233,1
1877,9.041602083845238,-1.2258946400835427,0
1878,1.4262872745838564,-9.812887550708947,1
1879,9.59990337229104,-2.9733957720412163,0
1880,9.333647431489066,-1.6160343222707783,0
1881,1.718249932756156,-9.121467142112925,1
1882,2.7082518285304107,-8.29793743724145,1
1883,0.4227443002609623,-9.24924342603898,1
1884,2.5239906007792516,-9.125495218120212,1
1885,8.33504297307639,-3.530646525253074,0
1886,6.9739429460344695,-3.305415661788029,0
1887,3.022083273508228,-9.24508541162608,1
1888,8.824030254386692,-2.1429081151666325,0
1889,0.7229413432462162,-9.72890759677785,1
1890,2.444967808955743,-9.269616555649364,1
1891,1.338143797208436,-9.635142125448642,1
1892,0.9846292025384579,-8.176435543753366,1
1893,6.548910284946617,-3.142001733929364,0
1894,7.70997702981915,-3.338508911195146,0
1895,1.6929040404695987,-7.471908729745238,1
1896,1.356864710524007,-10.544994581092384,1
1897,2.1170986074729754,-7.965549240803317,1
1898,1.643750279723352,-8.158206263651827,1
1899,1.0801749100995415,-9.170432627485184,1
1900,1.6610570525542492,-9.770842352164582,1
1901,7.4321348676903405,-3.275335853413765,0
1902,1.110671800824343,-8.327470754763638,1
1903,6.423412900645332,-2.150874494276655,0
1904,0.1210326799943986,-8.064071772164088,1
1905,1.385356124090788,-9.350589189189941,1
1906,10.262577647124495,-2.958257945065134,0
1907,1.2549818591360298,-10.247394647131596,1
1908,8.960408411037342,-2.3715845361708032,0
1909,7.918104257832159,-3.0744509239190956,0
1910,2.361536730042975,-8.93768901842217,1
1911,-0.2964737861138853,-6.703591606720558,1
1912,2.333414928605902,-9.880642290361568,1
1913,1.6793544774230917,-8.209277772270754,1
1914,6.612018843615447,-3.506756325764752,0
1915,7.567392076251084,-2.696525237280217,0
1916,8.423370779915164,-2.53823128086212,0
1917,8.85255156642997,-3.7475065859629644,0
1918,1.266734273651143,-10.395674892135881,1
1919,8.034384045051437,-2.657131376067931,0
1920,8.355567181675406,-3.03480053193267,0
1921,0.22995585096675764,-6.773388183898103,1
1922,-0.009553458651309521,-7.702008622476652,1
1923,2.86649673906585,-10.629831264394392,1
1924,2.4024451914760814,-6.9416617303827906,1
1925,0.9393474183983241,-9.512088550500714,1
1926,1.4651938885778168,-9.394724593129125,1
1927,1.0257258717733335,-8.714939052446512,1
1928,7.481143257486723,-2.6857405433404047,0
1929,2.013730717777145,-8.675862779532862,1
1930,1.5961731375892914,-8.680917291839283,1
1931,8.412101374473906,-2.6878310004909904,0
1932,1.9606912075547802,-7.936140660605007,1
1933,0.352624713239605,-7.904429749255691,1
1934,8.043324890563232,-4.056900593689809,0
1935,1.5448444485146207,-8.803682985763158,1
1936,6.9785168101046064,-2.8039131693167656,0
1937,9.359266886600025,-3.6544919630346047,0
1938,2.2287700525606837,-9.373426909086119,1
1939,1.9499758848428228,-9.80116296608026,1
1940,7.778737705965216,-2.8655450578548285,0
1941,2.63268984700149,-9.167671742883112,1
1942,1.6387977366630704,-9.70894985254388,1
1943,1.0394474501022661,-10.183458217662407,1
1944,1.981007333423281,-9.236286742755428,1
1945,8.132610957237775,-2.2104563625085385,0
1946,6.246157429603696,-3.47345756534511,0
1947,0.18052171367511316,-8.915328774122969,1
1948,2.004823424517596,-7.8594128468102085,1
1949,7.755052827278558,-3.8256327452723964,0
1950,9.121309529553542,-3.0816912951594206,0
1951,1.0107416589096263,-7.1839566345754475,1
1952,8.190973488961719,-3.2747477372754656,0
1953,1.109807654112503,-9.34497510084993,1
1954,1.634351017940521,-8.652763479688739,1
1955,8.187369260009918,-2.677349221898106,0
1956,6.302351511423917,-2.423896727044144,0
1957,1.9430718948638388,-8.986661939203744,1
1958,6.493292418347384,-2.5883077022008942,0
1959,7.4375377205353,-5.1267883085604655,0
1960,1.7327119310485406,-10.688669455477921,1
1961,8.100970969967344,-1.4700555424508095,0
1962,1.1567568564739785,-8.547596603285209,1
1963,7.735451097499156,-4.816969152384246,0
1964,8.419572466658355,-1.9750834166617803,0
1965,2.004485254494928,-9.809416191618544,1
1966,7.825130317003916,-3.013158455654559,0
1967,1.5049871077292591,-9.53056471929808,1
1968,6.20023639623445,-3.1467326616256277,0
1969,8.580552941515473,-3.840449353435875,0
1970,0.5096997672249335,-8.133676993611537,1
1971,2.5735881126809765,-8.98533337692217,1
1972,9.71564150111757,-2.508441284739193,0
1973,6.967689791729455,-1.2313966231921722,0
1974,1.4033662899869483,-9.056855281241328,1
1975,0.9066361234060992,-8.902992343104351,1
1976,1.4099999472475016,-8.890358738592502,1
1977,7.218566818645895,-2.6871148209710825,0
1978,1.6987553546824243,-9.159351642244127,1
1979,-0.016016089211051243,-8.013465346951893,1
1980,7.866671040176117,-1.0103590760173895,0
1981,2.8229994362324478,-9.402872854241386,1
1982,7.006007529448872,-2.1508604845223287,0
1983,1.7469080021006047,-7.787128875621607,1
1984,10.127886660028873,-3.230042952607044,0
1985,9.484977555145061,-3.511598169349491,0
1986,0.13159003573125072,-10.310086616702208,1
1987,0.5630584931214928,-8.566606037019678,1
1988,6.626797343921866,-3.9196554757452757,0
1989,6.871875806992319,-3.0634243508402292,0
1990,8.16056679263554,-3.3362574099750395,0
1991,0.7770999138683382,-9.300416157905175,1
1992,9.747313818440412,-2.6774781976308613,0
1993,5.4935039426744385,-3.6032450757801056,0
1994,0.7895977211338375,-9.175923910158842,1
1995,0.8517382434760262,-8.810058730879975,1
1996,7.721107980240231,-2.7630450453706055,0
1997,2.307644260801302,-7.703089792075575,1
1998,1.942383668331392,-8.333194554651095,1
1999,9.047873058675277,-2.1348155972374627,0
